Date_Time,POA1_IRR
Fri Jan 10 2025 05:30:41 GMT+0530 (India Standard Time),-1
Fri Jan 10 2025 05:31:40 GMT+0530 (India Standard Time),-1
Fri Jan 10 2025 05:32:41 GMT+0530 (India Standard Time),-1
Fri Jan 10 2025 05:33:41 GMT+0530 (India Standard Time),-1
Fri Jan 10 2025 05:34:41 GMT+0530 (India Standard Time),-1
Fri Jan 10 2025 05:35:41 GMT+0530 (India Standard Time),-2
Fri Jan 10 2025 05:36:41 GMT+0530 (India Standard Time),-2
Fri Jan 10 2025 05:37:42 GMT+0530 (India Standard Time),-2
Fri Jan 10 2025 05:38:41 GMT+0530 (India Standard Time),-2
Fri Jan 10 2025 05:39:40 GMT+0530 (India Standard Time),-2
Fri Jan 10 2025 05:40:42 GMT+0530 (India Standard Time),-2
Fri Jan 10 2025 05:41:40 GMT+0530 (India Standard Time),-2
Fri Jan 10 2025 05:42:41 GMT+0530 (India Standard Time),-2
Fri Jan 10 2025 05:43:41 GMT+0530 (India Standard Time),-2
Fri Jan 10 2025 05:44:41 GMT+0530 (India Standard Time),-2
Fri Jan 10 2025 05:45:41 GMT+0530 (India Standard Time),-2
Fri Jan 10 2025 05:46:41 GMT+0530 (India Standard Time),-2
Fri Jan 10 2025 05:47:41 GMT+0530 (India Standard Time),-2
Fri Jan 10 2025 05:48:41 GMT+0530 (India Standard Time),-2
Fri Jan 10 2025 05:49:41 GMT+0530 (India Standard Time),-2
Fri Jan 10 2025 05:50:41 GMT+0530 (India Standard Time),-2
Fri Jan 10 2025 05:51:41 GMT+0530 (India Standard Time),-2
Fri Jan 10 2025 05:52:40 GMT+0530 (India Standard Time),-2
Fri Jan 10 2025 05:53:41 GMT+0530 (India Standard Time),-2
Fri Jan 10 2025 05:54:41 GMT+0530 (India Standard Time),-2
Fri Jan 10 2025 05:55:41 GMT+0530 (India Standard Time),-2
Fri Jan 10 2025 05:56:41 GMT+0530 (India Standard Time),-2
Fri Jan 10 2025 05:57:41 GMT+0530 (India Standard Time),-2
Fri Jan 10 2025 05:58:42 GMT+0530 (India Standard Time),-2
Fri Jan 10 2025 05:59:39 GMT+0530 (India Standard Time),-2
Fri Jan 10 2025 06:00:41 GMT+0530 (India Standard Time),-2
Fri Jan 10 2025 06:01:42 GMT+0530 (India Standard Time),-2
Fri Jan 10 2025 06:02:40 GMT+0530 (India Standard Time),-2
Fri Jan 10 2025 06:03:41 GMT+0530 (India Standard Time),-2
Fri Jan 10 2025 06:04:41 GMT+0530 (India Standard Time),-2
Fri Jan 10 2025 06:05:42 GMT+0530 (India Standard Time),-2
Fri Jan 10 2025 06:06:40 GMT+0530 (India Standard Time),-2
Fri Jan 10 2025 06:07:40 GMT+0530 (India Standard Time),-2
Fri Jan 10 2025 06:08:42 GMT+0530 (India Standard Time),-2
Fri Jan 10 2025 06:09:40 GMT+0530 (India Standard Time),-2
Fri Jan 10 2025 06:10:41 GMT+0530 (India Standard Time),-2
Fri Jan 10 2025 06:11:41 GMT+0530 (India Standard Time),-2
Fri Jan 10 2025 06:12:41 GMT+0530 (India Standard Time),-2
Fri Jan 10 2025 06:13:41 GMT+0530 (India Standard Time),-2
Fri Jan 10 2025 06:14:40 GMT+0530 (India Standard Time),-2
Fri Jan 10 2025 06:15:41 GMT+0530 (India Standard Time),-2
Fri Jan 10 2025 06:16:41 GMT+0530 (India Standard Time),-2
Fri Jan 10 2025 06:17:41 GMT+0530 (India Standard Time),-2
Fri Jan 10 2025 06:18:41 GMT+0530 (India Standard Time),-2
Fri Jan 10 2025 06:19:41 GMT+0530 (India Standard Time),-2
Fri Jan 10 2025 06:20:42 GMT+0530 (India Standard Time),-2
Fri Jan 10 2025 06:21:41 GMT+0530 (India Standard Time),-2
Fri Jan 10 2025 06:22:41 GMT+0530 (India Standard Time),-2
Fri Jan 10 2025 06:23:41 GMT+0530 (India Standard Time),-2
Fri Jan 10 2025 06:24:41 GMT+0530 (India Standard Time),-2
Fri Jan 10 2025 06:25:40 GMT+0530 (India Standard Time),-2
Fri Jan 10 2025 06:26:42 GMT+0530 (India Standard Time),-2
Fri Jan 10 2025 06:27:40 GMT+0530 (India Standard Time),-2
Fri Jan 10 2025 06:28:41 GMT+0530 (India Standard Time),-2
Fri Jan 10 2025 06:29:40 GMT+0530 (India Standard Time),-2
Fri Jan 10 2025 06:30:40 GMT+0530 (India Standard Time),-2
Fri Jan 10 2025 06:31:41 GMT+0530 (India Standard Time),-2
Fri Jan 10 2025 06:32:40 GMT+0530 (India Standard Time),-2
Fri Jan 10 2025 06:33:41 GMT+0530 (India Standard Time),-2
Fri Jan 10 2025 06:34:40 GMT+0530 (India Standard Time),-2
Fri Jan 10 2025 06:35:41 GMT+0530 (India Standard Time),-2
Fri Jan 10 2025 06:36:40 GMT+0530 (India Standard Time),-2
Fri Jan 10 2025 06:37:41 GMT+0530 (India Standard Time),-2
Fri Jan 10 2025 06:38:41 GMT+0530 (India Standard Time),-1
Fri Jan 10 2025 06:39:40 GMT+0530 (India Standard Time),-1
Fri Jan 10 2025 06:40:41 GMT+0530 (India Standard Time),-1
Fri Jan 10 2025 06:41:42 GMT+0530 (India Standard Time),-1
Fri Jan 10 2025 06:42:40 GMT+0530 (India Standard Time),-2
Fri Jan 10 2025 06:43:41 GMT+0530 (India Standard Time),-2
Fri Jan 10 2025 06:44:41 GMT+0530 (India Standard Time),-2
Fri Jan 10 2025 06:45:41 GMT+0530 (India Standard Time),-2
Fri Jan 10 2025 06:46:40 GMT+0530 (India Standard Time),-2
Fri Jan 10 2025 06:47:40 GMT+0530 (India Standard Time),-1
Fri Jan 10 2025 06:48:42 GMT+0530 (India Standard Time),-1
Fri Jan 10 2025 06:49:41 GMT+0530 (India Standard Time),-1
Fri Jan 10 2025 06:50:40 GMT+0530 (India Standard Time),-1
Fri Jan 10 2025 06:51:41 GMT+0530 (India Standard Time),-1
Fri Jan 10 2025 06:52:41 GMT+0530 (India Standard Time),-1
Fri Jan 10 2025 06:53:41 GMT+0530 (India Standard Time),-1
Fri Jan 10 2025 06:54:41 GMT+0530 (India Standard Time),-1
Fri Jan 10 2025 06:55:41 GMT+0530 (India Standard Time),-1
Fri Jan 10 2025 06:56:40 GMT+0530 (India Standard Time),-1
Fri Jan 10 2025 06:57:40 GMT+0530 (India Standard Time),-1
Fri Jan 10 2025 06:58:41 GMT+0530 (India Standard Time),-1
Fri Jan 10 2025 06:59:41 GMT+0530 (India Standard Time),-1
Fri Jan 10 2025 07:00:40 GMT+0530 (India Standard Time),-1
Fri Jan 10 2025 07:01:41 GMT+0530 (India Standard Time),-1
Fri Jan 10 2025 07:02:41 GMT+0530 (India Standard Time),-1
Fri Jan 10 2025 07:03:40 GMT+0530 (India Standard Time),-1
Fri Jan 10 2025 07:04:42 GMT+0530 (India Standard Time),-1
Fri Jan 10 2025 07:05:40 GMT+0530 (India Standard Time),-1
Fri Jan 10 2025 07:06:41 GMT+0530 (India Standard Time),-1
Fri Jan 10 2025 07:07:41 GMT+0530 (India Standard Time),-1
Fri Jan 10 2025 07:08:40 GMT+0530 (India Standard Time),-1
Fri Jan 10 2025 07:09:41 GMT+0530 (India Standard Time),-1
Fri Jan 10 2025 07:10:40 GMT+0530 (India Standard Time),-1
Fri Jan 10 2025 07:11:42 GMT+0530 (India Standard Time),-1
Fri Jan 10 2025 07:12:41 GMT+0530 (India Standard Time),-1
Fri Jan 10 2025 07:13:41 GMT+0530 (India Standard Time),-1
Fri Jan 10 2025 07:14:41 GMT+0530 (India Standard Time),-1
Fri Jan 10 2025 07:15:41 GMT+0530 (India Standard Time),-1
Fri Jan 10 2025 07:16:41 GMT+0530 (India Standard Time),-1
Fri Jan 10 2025 07:17:40 GMT+0530 (India Standard Time),-1
Fri Jan 10 2025 07:18:42 GMT+0530 (India Standard Time),-1
Fri Jan 10 2025 07:19:40 GMT+0530 (India Standard Time),-1
Fri Jan 10 2025 07:20:41 GMT+0530 (India Standard Time),-1
Fri Jan 10 2025 07:21:42 GMT+0530 (India Standard Time),-1
Fri Jan 10 2025 07:22:41 GMT+0530 (India Standard Time),-1
Fri Jan 10 2025 07:23:42 GMT+0530 (India Standard Time),-1
Fri Jan 10 2025 07:24:41 GMT+0530 (India Standard Time),-1
Fri Jan 10 2025 07:25:41 GMT+0530 (India Standard Time),-1
Fri Jan 10 2025 07:26:41 GMT+0530 (India Standard Time),-1
Fri Jan 10 2025 07:27:40 GMT+0530 (India Standard Time),-1
Fri Jan 10 2025 07:28:42 GMT+0530 (India Standard Time),-1
Fri Jan 10 2025 07:29:41 GMT+0530 (India Standard Time),-1
Fri Jan 10 2025 07:30:39 GMT+0530 (India Standard Time),-1
Fri Jan 10 2025 07:31:42 GMT+0530 (India Standard Time),-1
Fri Jan 10 2025 07:32:41 GMT+0530 (India Standard Time),-1
Fri Jan 10 2025 07:33:41 GMT+0530 (India Standard Time),-1
Fri Jan 10 2025 07:34:40 GMT+0530 (India Standard Time),-1
Fri Jan 10 2025 07:35:41 GMT+0530 (India Standard Time),-1
Fri Jan 10 2025 07:36:41 GMT+0530 (India Standard Time),-1
Fri Jan 10 2025 07:37:40 GMT+0530 (India Standard Time),-1
Fri Jan 10 2025 07:38:42 GMT+0530 (India Standard Time),-1
Fri Jan 10 2025 07:39:41 GMT+0530 (India Standard Time),-1
Fri Jan 10 2025 07:40:41 GMT+0530 (India Standard Time),-1
Fri Jan 10 2025 07:41:40 GMT+0530 (India Standard Time),-1
Fri Jan 10 2025 07:42:41 GMT+0530 (India Standard Time),-1
Fri Jan 10 2025 07:43:41 GMT+0530 (India Standard Time),-1
Fri Jan 10 2025 07:44:40 GMT+0530 (India Standard Time),-1
Fri Jan 10 2025 07:45:41 GMT+0530 (India Standard Time),-1
Fri Jan 10 2025 07:46:41 GMT+0530 (India Standard Time),-1
Fri Jan 10 2025 07:47:41 GMT+0530 (India Standard Time),-1
Fri Jan 10 2025 07:48:41 GMT+0530 (India Standard Time),-1
Fri Jan 10 2025 07:49:41 GMT+0530 (India Standard Time),-1
Fri Jan 10 2025 07:50:41 GMT+0530 (India Standard Time),-1
Fri Jan 10 2025 07:51:41 GMT+0530 (India Standard Time),-1
Fri Jan 10 2025 07:52:41 GMT+0530 (India Standard Time),-1
Fri Jan 10 2025 07:53:40 GMT+0530 (India Standard Time),-1
Fri Jan 10 2025 07:54:41 GMT+0530 (India Standard Time),-1
Fri Jan 10 2025 07:55:40 GMT+0530 (India Standard Time),-1
Fri Jan 10 2025 07:56:41 GMT+0530 (India Standard Time),-1
Fri Jan 10 2025 07:57:42 GMT+0530 (India Standard Time),-1
Fri Jan 10 2025 07:58:40 GMT+0530 (India Standard Time),-1
Fri Jan 10 2025 07:59:41 GMT+0530 (India Standard Time),-1
Fri Jan 10 2025 08:00:40 GMT+0530 (India Standard Time),-1
Fri Jan 10 2025 08:01:41 GMT+0530 (India Standard Time),-1
Fri Jan 10 2025 08:02:41 GMT+0530 (India Standard Time),-1
Fri Jan 10 2025 08:03:40 GMT+0530 (India Standard Time),-1
Fri Jan 10 2025 08:04:42 GMT+0530 (India Standard Time),-1
Fri Jan 10 2025 08:05:41 GMT+0530 (India Standard Time),-1
Fri Jan 10 2025 08:06:40 GMT+0530 (India Standard Time),-2
Fri Jan 10 2025 08:07:40 GMT+0530 (India Standard Time),-2
Fri Jan 10 2025 08:08:41 GMT+0530 (India Standard Time),-2
Fri Jan 10 2025 08:09:41 GMT+0530 (India Standard Time),-1
Fri Jan 10 2025 08:10:40 GMT+0530 (India Standard Time),-1
Fri Jan 10 2025 08:11:41 GMT+0530 (India Standard Time),-1
Fri Jan 10 2025 08:12:41 GMT+0530 (India Standard Time),-1
Fri Jan 10 2025 08:13:40 GMT+0530 (India Standard Time),-1
Fri Jan 10 2025 08:14:41 GMT+0530 (India Standard Time),-2
Fri Jan 10 2025 08:15:41 GMT+0530 (India Standard Time),-2
Fri Jan 10 2025 08:16:41 GMT+0530 (India Standard Time),-2
Fri Jan 10 2025 08:17:40 GMT+0530 (India Standard Time),-1
Fri Jan 10 2025 08:18:41 GMT+0530 (India Standard Time),-2
Fri Jan 10 2025 08:19:41 GMT+0530 (India Standard Time),-1
Fri Jan 10 2025 08:20:40 GMT+0530 (India Standard Time),-2
Fri Jan 10 2025 08:21:42 GMT+0530 (India Standard Time),-2
Fri Jan 10 2025 08:22:41 GMT+0530 (India Standard Time),-2
Fri Jan 10 2025 08:23:40 GMT+0530 (India Standard Time),-2
Fri Jan 10 2025 08:24:41 GMT+0530 (India Standard Time),-2
Fri Jan 10 2025 08:25:41 GMT+0530 (India Standard Time),-2
Fri Jan 10 2025 08:26:41 GMT+0530 (India Standard Time),-1
Fri Jan 10 2025 08:27:41 GMT+0530 (India Standard Time),-1
Fri Jan 10 2025 08:28:41 GMT+0530 (India Standard Time),-1
Fri Jan 10 2025 08:29:41 GMT+0530 (India Standard Time),-1
Fri Jan 10 2025 08:30:40 GMT+0530 (India Standard Time),-1
Fri Jan 10 2025 08:31:41 GMT+0530 (India Standard Time),-1
Fri Jan 10 2025 08:32:41 GMT+0530 (India Standard Time),-1
Fri Jan 10 2025 08:33:41 GMT+0530 (India Standard Time),-1
Fri Jan 10 2025 08:34:41 GMT+0530 (India Standard Time),-1
Fri Jan 10 2025 08:35:41 GMT+0530 (India Standard Time),-1
Fri Jan 10 2025 08:36:41 GMT+0530 (India Standard Time),-1
Fri Jan 10 2025 08:37:40 GMT+0530 (India Standard Time),-1
Fri Jan 10 2025 08:38:40 GMT+0530 (India Standard Time),-1
Fri Jan 10 2025 08:39:41 GMT+0530 (India Standard Time),-1
Fri Jan 10 2025 08:40:41 GMT+0530 (India Standard Time),-1
Fri Jan 10 2025 08:41:41 GMT+0530 (India Standard Time),-1
Fri Jan 10 2025 08:42:41 GMT+0530 (India Standard Time),-1
Fri Jan 10 2025 08:43:40 GMT+0530 (India Standard Time),-1
Fri Jan 10 2025 08:44:41 GMT+0530 (India Standard Time),-1
Fri Jan 10 2025 08:45:41 GMT+0530 (India Standard Time),-1
Fri Jan 10 2025 08:46:40 GMT+0530 (India Standard Time),-1
Fri Jan 10 2025 08:47:41 GMT+0530 (India Standard Time),-1
Fri Jan 10 2025 08:48:40 GMT+0530 (India Standard Time),-1
Fri Jan 10 2025 08:49:41 GMT+0530 (India Standard Time),-1
Fri Jan 10 2025 08:50:41 GMT+0530 (India Standard Time),-1
Fri Jan 10 2025 08:51:40 GMT+0530 (India Standard Time),-1
Fri Jan 10 2025 08:52:41 GMT+0530 (India Standard Time),-1
Fri Jan 10 2025 08:53:40 GMT+0530 (India Standard Time),-1
Fri Jan 10 2025 08:54:41 GMT+0530 (India Standard Time),-1
Fri Jan 10 2025 08:55:41 GMT+0530 (India Standard Time),-1
Fri Jan 10 2025 08:56:41 GMT+0530 (India Standard Time),-1
Fri Jan 10 2025 08:57:41 GMT+0530 (India Standard Time),-1
Fri Jan 10 2025 08:58:40 GMT+0530 (India Standard Time),-1
Fri Jan 10 2025 08:59:42 GMT+0530 (India Standard Time),-1
Fri Jan 10 2025 09:00:41 GMT+0530 (India Standard Time),-1
Fri Jan 10 2025 09:01:39 GMT+0530 (India Standard Time),-1
Fri Jan 10 2025 09:02:42 GMT+0530 (India Standard Time),-1
Fri Jan 10 2025 09:03:40 GMT+0530 (India Standard Time),-1
Fri Jan 10 2025 09:04:41 GMT+0530 (India Standard Time),-1
Fri Jan 10 2025 09:05:40 GMT+0530 (India Standard Time),-1
Fri Jan 10 2025 09:06:42 GMT+0530 (India Standard Time),-1
Fri Jan 10 2025 09:07:41 GMT+0530 (India Standard Time),-1
Fri Jan 10 2025 09:08:40 GMT+0530 (India Standard Time),-1
Fri Jan 10 2025 09:09:41 GMT+0530 (India Standard Time),-1
Fri Jan 10 2025 09:10:40 GMT+0530 (India Standard Time),-1
Fri Jan 10 2025 09:11:41 GMT+0530 (India Standard Time),-1
Fri Jan 10 2025 09:12:41 GMT+0530 (India Standard Time),-1
Fri Jan 10 2025 09:13:40 GMT+0530 (India Standard Time),-1
Fri Jan 10 2025 09:14:40 GMT+0530 (India Standard Time),-1
Fri Jan 10 2025 09:15:41 GMT+0530 (India Standard Time),-1
Fri Jan 10 2025 09:16:42 GMT+0530 (India Standard Time),-1
Fri Jan 10 2025 09:17:40 GMT+0530 (India Standard Time),-1
Fri Jan 10 2025 09:18:41 GMT+0530 (India Standard Time),-1
Fri Jan 10 2025 09:19:41 GMT+0530 (India Standard Time),-1
Fri Jan 10 2025 09:20:41 GMT+0530 (India Standard Time),-1
Fri Jan 10 2025 09:21:42 GMT+0530 (India Standard Time),-1
Fri Jan 10 2025 09:22:40 GMT+0530 (India Standard Time),-1
Fri Jan 10 2025 09:23:41 GMT+0530 (India Standard Time),-1
Fri Jan 10 2025 09:24:41 GMT+0530 (India Standard Time),-1
Fri Jan 10 2025 09:25:40 GMT+0530 (India Standard Time),-1
Fri Jan 10 2025 09:26:41 GMT+0530 (India Standard Time),-1
Fri Jan 10 2025 09:27:41 GMT+0530 (India Standard Time),-1
Fri Jan 10 2025 09:28:40 GMT+0530 (India Standard Time),-1
Fri Jan 10 2025 09:29:41 GMT+0530 (India Standard Time),-1
Fri Jan 10 2025 09:30:41 GMT+0530 (India Standard Time),-1
Fri Jan 10 2025 09:31:39 GMT+0530 (India Standard Time),-1
Fri Jan 10 2025 09:32:41 GMT+0530 (India Standard Time),-1
Fri Jan 10 2025 09:33:41 GMT+0530 (India Standard Time),-1
Fri Jan 10 2025 09:34:41 GMT+0530 (India Standard Time),-1
Fri Jan 10 2025 09:35:40 GMT+0530 (India Standard Time),-1
Fri Jan 10 2025 09:36:40 GMT+0530 (India Standard Time),-1
Fri Jan 10 2025 09:37:41 GMT+0530 (India Standard Time),-1
Fri Jan 10 2025 09:38:39 GMT+0530 (India Standard Time),-1
Fri Jan 10 2025 09:39:41 GMT+0530 (India Standard Time),-1
Fri Jan 10 2025 09:40:41 GMT+0530 (India Standard Time),-1
Fri Jan 10 2025 09:41:41 GMT+0530 (India Standard Time),-1
Fri Jan 10 2025 09:42:42 GMT+0530 (India Standard Time),-1
Fri Jan 10 2025 09:43:41 GMT+0530 (India Standard Time),-1
Fri Jan 10 2025 09:44:41 GMT+0530 (India Standard Time),-1
Fri Jan 10 2025 09:45:38 GMT+0530 (India Standard Time),-1
Fri Jan 10 2025 09:46:41 GMT+0530 (India Standard Time),-1
Fri Jan 10 2025 09:47:41 GMT+0530 (India Standard Time),-1
Fri Jan 10 2025 09:48:40 GMT+0530 (India Standard Time),-1
Fri Jan 10 2025 09:49:41 GMT+0530 (India Standard Time),-1
Fri Jan 10 2025 09:50:40 GMT+0530 (India Standard Time),-1
Fri Jan 10 2025 09:51:41 GMT+0530 (India Standard Time),-1
Fri Jan 10 2025 09:52:41 GMT+0530 (India Standard Time),-1
Fri Jan 10 2025 09:53:41 GMT+0530 (India Standard Time),-1
Fri Jan 10 2025 09:54:41 GMT+0530 (India Standard Time),-1
Fri Jan 10 2025 09:55:41 GMT+0530 (India Standard Time),-1
Fri Jan 10 2025 09:56:41 GMT+0530 (India Standard Time),-1
Fri Jan 10 2025 09:57:40 GMT+0530 (India Standard Time),-1
Fri Jan 10 2025 09:58:40 GMT+0530 (India Standard Time),-1
Fri Jan 10 2025 09:59:40 GMT+0530 (India Standard Time),-1
Fri Jan 10 2025 10:00:41 GMT+0530 (India Standard Time),-1
Fri Jan 10 2025 10:01:40 GMT+0530 (India Standard Time),-1
Fri Jan 10 2025 10:02:41 GMT+0530 (India Standard Time),-1
Fri Jan 10 2025 10:03:41 GMT+0530 (India Standard Time),-1
Fri Jan 10 2025 10:04:40 GMT+0530 (India Standard Time),-1
Fri Jan 10 2025 10:05:41 GMT+0530 (India Standard Time),-1
Fri Jan 10 2025 10:06:40 GMT+0530 (India Standard Time),-1
Fri Jan 10 2025 10:07:40 GMT+0530 (India Standard Time),-1
Fri Jan 10 2025 10:08:41 GMT+0530 (India Standard Time),-1
Fri Jan 10 2025 10:09:41 GMT+0530 (India Standard Time),-1
Fri Jan 10 2025 10:10:40 GMT+0530 (India Standard Time),-1
Fri Jan 10 2025 10:11:40 GMT+0530 (India Standard Time),-1
Fri Jan 10 2025 10:12:41 GMT+0530 (India Standard Time),-1
Fri Jan 10 2025 10:13:41 GMT+0530 (India Standard Time),-1
Fri Jan 10 2025 10:14:40 GMT+0530 (India Standard Time),-1
Fri Jan 10 2025 10:15:40 GMT+0530 (India Standard Time),-1
Fri Jan 10 2025 10:16:41 GMT+0530 (India Standard Time),-1
Fri Jan 10 2025 10:17:40 GMT+0530 (India Standard Time),-1
Fri Jan 10 2025 10:18:41 GMT+0530 (India Standard Time),-1
Fri Jan 10 2025 10:19:41 GMT+0530 (India Standard Time),-1
Fri Jan 10 2025 10:20:41 GMT+0530 (India Standard Time),-1
Fri Jan 10 2025 10:21:40 GMT+0530 (India Standard Time),-1
Fri Jan 10 2025 10:22:40 GMT+0530 (India Standard Time),-1
Fri Jan 10 2025 10:23:41 GMT+0530 (India Standard Time),-1
Fri Jan 10 2025 10:24:41 GMT+0530 (India Standard Time),-1
Fri Jan 10 2025 10:25:41 GMT+0530 (India Standard Time),-1
Fri Jan 10 2025 10:26:41 GMT+0530 (India Standard Time),-1
Fri Jan 10 2025 10:27:41 GMT+0530 (India Standard Time),-1
Fri Jan 10 2025 10:28:41 GMT+0530 (India Standard Time),-1
Fri Jan 10 2025 10:29:41 GMT+0530 (India Standard Time),-1
Fri Jan 10 2025 10:30:40 GMT+0530 (India Standard Time),-1
Fri Jan 10 2025 10:31:41 GMT+0530 (India Standard Time),-1
Fri Jan 10 2025 10:32:40 GMT+0530 (India Standard Time),-1
Fri Jan 10 2025 10:33:40 GMT+0530 (India Standard Time),-1
Fri Jan 10 2025 10:34:40 GMT+0530 (India Standard Time),-1
Fri Jan 10 2025 10:35:40 GMT+0530 (India Standard Time),-1
Fri Jan 10 2025 10:36:40 GMT+0530 (India Standard Time),-1
Fri Jan 10 2025 10:37:41 GMT+0530 (India Standard Time),-1
Fri Jan 10 2025 10:38:41 GMT+0530 (India Standard Time),-1
Fri Jan 10 2025 10:39:40 GMT+0530 (India Standard Time),-1
Fri Jan 10 2025 10:40:41 GMT+0530 (India Standard Time),-1
Fri Jan 10 2025 10:41:41 GMT+0530 (India Standard Time),-1
Fri Jan 10 2025 10:42:40 GMT+0530 (India Standard Time),-1
Fri Jan 10 2025 10:43:40 GMT+0530 (India Standard Time),-1
Fri Jan 10 2025 10:44:41 GMT+0530 (India Standard Time),-1
Fri Jan 10 2025 10:45:40 GMT+0530 (India Standard Time),-1
Fri Jan 10 2025 10:46:40 GMT+0530 (India Standard Time),-1
Fri Jan 10 2025 10:47:41 GMT+0530 (India Standard Time),-1
Fri Jan 10 2025 10:48:39 GMT+0530 (India Standard Time),-1
Fri Jan 10 2025 10:49:41 GMT+0530 (India Standard Time),-1
Fri Jan 10 2025 10:50:42 GMT+0530 (India Standard Time),-1
Fri Jan 10 2025 10:51:40 GMT+0530 (India Standard Time),-1
Fri Jan 10 2025 10:52:40 GMT+0530 (India Standard Time),-1
Fri Jan 10 2025 10:53:41 GMT+0530 (India Standard Time),-1
Fri Jan 10 2025 10:54:41 GMT+0530 (India Standard Time),-1
Fri Jan 10 2025 10:55:40 GMT+0530 (India Standard Time),-1
Fri Jan 10 2025 10:56:39 GMT+0530 (India Standard Time),-1
Fri Jan 10 2025 10:57:41 GMT+0530 (India Standard Time),-1
Fri Jan 10 2025 10:58:39 GMT+0530 (India Standard Time),-1
Fri Jan 10 2025 10:59:41 GMT+0530 (India Standard Time),-1
Fri Jan 10 2025 11:00:41 GMT+0530 (India Standard Time),-1
Fri Jan 10 2025 11:01:40 GMT+0530 (India Standard Time),-1
Fri Jan 10 2025 11:02:41 GMT+0530 (India Standard Time),-1
Fri Jan 10 2025 11:03:40 GMT+0530 (India Standard Time),-1
Fri Jan 10 2025 11:04:41 GMT+0530 (India Standard Time),-1
Fri Jan 10 2025 11:05:40 GMT+0530 (India Standard Time),-1
Fri Jan 10 2025 11:06:41 GMT+0530 (India Standard Time),-1
Fri Jan 10 2025 11:07:41 GMT+0530 (India Standard Time),-1
Fri Jan 10 2025 11:08:39 GMT+0530 (India Standard Time),-1
Fri Jan 10 2025 11:09:41 GMT+0530 (India Standard Time),-1
Fri Jan 10 2025 11:10:40 GMT+0530 (India Standard Time),-1
Fri Jan 10 2025 11:11:41 GMT+0530 (India Standard Time),-1
Fri Jan 10 2025 11:12:41 GMT+0530 (India Standard Time),-1
Fri Jan 10 2025 11:13:40 GMT+0530 (India Standard Time),-1
Fri Jan 10 2025 11:14:41 GMT+0530 (India Standard Time),-1
Fri Jan 10 2025 11:15:41 GMT+0530 (India Standard Time),-1
Fri Jan 10 2025 11:16:41 GMT+0530 (India Standard Time),-1
Fri Jan 10 2025 11:17:40 GMT+0530 (India Standard Time),-1
Fri Jan 10 2025 11:18:41 GMT+0530 (India Standard Time),-1
Fri Jan 10 2025 11:19:41 GMT+0530 (India Standard Time),-1
Fri Jan 10 2025 11:20:40 GMT+0530 (India Standard Time),-1
Fri Jan 10 2025 11:21:40 GMT+0530 (India Standard Time),-1
Fri Jan 10 2025 11:22:42 GMT+0530 (India Standard Time),-1
Fri Jan 10 2025 11:23:41 GMT+0530 (India Standard Time),-1
Fri Jan 10 2025 11:24:41 GMT+0530 (India Standard Time),-1
Fri Jan 10 2025 11:25:40 GMT+0530 (India Standard Time),-1
Fri Jan 10 2025 11:26:39 GMT+0530 (India Standard Time),-1
Fri Jan 10 2025 11:27:40 GMT+0530 (India Standard Time),-1
Fri Jan 10 2025 11:28:41 GMT+0530 (India Standard Time),-1
Fri Jan 10 2025 11:29:40 GMT+0530 (India Standard Time),-1
Fri Jan 10 2025 11:30:37 GMT+0530 (India Standard Time),-1
Fri Jan 10 2025 11:31:40 GMT+0530 (India Standard Time),-1
Fri Jan 10 2025 11:32:41 GMT+0530 (India Standard Time),-1
Fri Jan 10 2025 11:33:40 GMT+0530 (India Standard Time),-1
Fri Jan 10 2025 11:34:41 GMT+0530 (India Standard Time),-1
Fri Jan 10 2025 11:35:41 GMT+0530 (India Standard Time),-1
Fri Jan 10 2025 11:36:41 GMT+0530 (India Standard Time),-1
Fri Jan 10 2025 11:37:41 GMT+0530 (India Standard Time),-1
Fri Jan 10 2025 11:38:40 GMT+0530 (India Standard Time),-1
Fri Jan 10 2025 11:39:41 GMT+0530 (India Standard Time),-1
Fri Jan 10 2025 11:40:40 GMT+0530 (India Standard Time),-1
Fri Jan 10 2025 11:41:41 GMT+0530 (India Standard Time),-1
Fri Jan 10 2025 11:42:41 GMT+0530 (India Standard Time),-1
Fri Jan 10 2025 11:43:40 GMT+0530 (India Standard Time),-1
Fri Jan 10 2025 11:44:41 GMT+0530 (India Standard Time),-1
Fri Jan 10 2025 11:45:40 GMT+0530 (India Standard Time),-1
Fri Jan 10 2025 11:46:40 GMT+0530 (India Standard Time),-1
Fri Jan 10 2025 11:47:41 GMT+0530 (India Standard Time),-1
Fri Jan 10 2025 11:48:40 GMT+0530 (India Standard Time),-1
Fri Jan 10 2025 11:49:41 GMT+0530 (India Standard Time),-1
Fri Jan 10 2025 11:50:40 GMT+0530 (India Standard Time),-1
Fri Jan 10 2025 11:51:41 GMT+0530 (India Standard Time),-1
Fri Jan 10 2025 11:52:40 GMT+0530 (India Standard Time),-1
Fri Jan 10 2025 11:53:41 GMT+0530 (India Standard Time),0
Fri Jan 10 2025 11:54:40 GMT+0530 (India Standard Time),0
Fri Jan 10 2025 11:55:40 GMT+0530 (India Standard Time),0
Fri Jan 10 2025 11:56:40 GMT+0530 (India Standard Time),0
Fri Jan 10 2025 11:57:41 GMT+0530 (India Standard Time),0
Fri Jan 10 2025 11:58:41 GMT+0530 (India Standard Time),0
Fri Jan 10 2025 11:59:40 GMT+0530 (India Standard Time),0
Fri Jan 10 2025 12:00:41 GMT+0530 (India Standard Time),0
Fri Jan 10 2025 12:01:40 GMT+0530 (India Standard Time),0
Fri Jan 10 2025 12:02:40 GMT+0530 (India Standard Time),0
Fri Jan 10 2025 12:03:40 GMT+0530 (India Standard Time),1
Fri Jan 10 2025 12:04:41 GMT+0530 (India Standard Time),1
Fri Jan 10 2025 12:05:40 GMT+0530 (India Standard Time),1
Fri Jan 10 2025 12:06:40 GMT+0530 (India Standard Time),2
Fri Jan 10 2025 12:07:41 GMT+0530 (India Standard Time),2
Fri Jan 10 2025 12:08:40 GMT+0530 (India Standard Time),2
Fri Jan 10 2025 12:09:41 GMT+0530 (India Standard Time),3
Fri Jan 10 2025 12:10:41 GMT+0530 (India Standard Time),3
Fri Jan 10 2025 12:11:40 GMT+0530 (India Standard Time),4
Fri Jan 10 2025 12:12:41 GMT+0530 (India Standard Time),4
Fri Jan 10 2025 12:13:40 GMT+0530 (India Standard Time),5
Fri Jan 10 2025 12:14:40 GMT+0530 (India Standard Time),5
Fri Jan 10 2025 12:15:41 GMT+0530 (India Standard Time),6
Fri Jan 10 2025 12:16:40 GMT+0530 (India Standard Time),7
Fri Jan 10 2025 12:17:38 GMT+0530 (India Standard Time),8
Fri Jan 10 2025 12:18:40 GMT+0530 (India Standard Time),9
Fri Jan 10 2025 12:19:40 GMT+0530 (India Standard Time),11
Fri Jan 10 2025 12:20:40 GMT+0530 (India Standard Time),12
Fri Jan 10 2025 12:21:41 GMT+0530 (India Standard Time),14
Fri Jan 10 2025 12:22:41 GMT+0530 (India Standard Time),17
Fri Jan 10 2025 12:23:41 GMT+0530 (India Standard Time),19
Fri Jan 10 2025 12:24:40 GMT+0530 (India Standard Time),21
Fri Jan 10 2025 12:25:40 GMT+0530 (India Standard Time),26
Fri Jan 10 2025 12:26:41 GMT+0530 (India Standard Time),29
Fri Jan 10 2025 12:27:41 GMT+0530 (India Standard Time),29
Fri Jan 10 2025 12:28:41 GMT+0530 (India Standard Time),29
Fri Jan 10 2025 12:29:39 GMT+0530 (India Standard Time),28
Fri Jan 10 2025 12:30:41 GMT+0530 (India Standard Time),26
Fri Jan 10 2025 12:31:40 GMT+0530 (India Standard Time),27
Fri Jan 10 2025 12:32:40 GMT+0530 (India Standard Time),28
Fri Jan 10 2025 12:33:40 GMT+0530 (India Standard Time),30
Fri Jan 10 2025 12:34:41 GMT+0530 (India Standard Time),34
Fri Jan 10 2025 12:35:41 GMT+0530 (India Standard Time),38
Fri Jan 10 2025 12:36:40 GMT+0530 (India Standard Time),42
Fri Jan 10 2025 12:37:41 GMT+0530 (India Standard Time),49
Fri Jan 10 2025 12:38:40 GMT+0530 (India Standard Time),55
Fri Jan 10 2025 12:39:41 GMT+0530 (India Standard Time),59
Fri Jan 10 2025 12:40:40 GMT+0530 (India Standard Time),61
Fri Jan 10 2025 12:41:40 GMT+0530 (India Standard Time),64
Fri Jan 10 2025 12:42:41 GMT+0530 (India Standard Time),66
Fri Jan 10 2025 12:43:40 GMT+0530 (India Standard Time),69
Fri Jan 10 2025 12:44:40 GMT+0530 (India Standard Time),71
Fri Jan 10 2025 12:45:41 GMT+0530 (India Standard Time),74
Fri Jan 10 2025 12:46:41 GMT+0530 (India Standard Time),77
Fri Jan 10 2025 12:47:39 GMT+0530 (India Standard Time),80
Fri Jan 10 2025 12:48:40 GMT+0530 (India Standard Time),83
Fri Jan 10 2025 12:49:40 GMT+0530 (India Standard Time),86
Fri Jan 10 2025 12:50:41 GMT+0530 (India Standard Time),89
Fri Jan 10 2025 12:51:40 GMT+0530 (India Standard Time),92
Fri Jan 10 2025 12:52:41 GMT+0530 (India Standard Time),95
Fri Jan 10 2025 12:53:41 GMT+0530 (India Standard Time),98
Fri Jan 10 2025 12:54:40 GMT+0530 (India Standard Time),101
Fri Jan 10 2025 12:55:40 GMT+0530 (India Standard Time),104
Fri Jan 10 2025 12:56:41 GMT+0530 (India Standard Time),107
Fri Jan 10 2025 12:57:41 GMT+0530 (India Standard Time),110
Fri Jan 10 2025 12:58:40 GMT+0530 (India Standard Time),113
Fri Jan 10 2025 12:59:41 GMT+0530 (India Standard Time),116
Fri Jan 10 2025 13:00:40 GMT+0530 (India Standard Time),119
Fri Jan 10 2025 13:01:40 GMT+0530 (India Standard Time),122
Fri Jan 10 2025 13:02:41 GMT+0530 (India Standard Time),126
Fri Jan 10 2025 13:03:41 GMT+0530 (India Standard Time),129
Fri Jan 10 2025 13:04:39 GMT+0530 (India Standard Time),133
Fri Jan 10 2025 13:05:40 GMT+0530 (India Standard Time),137
Fri Jan 10 2025 13:06:41 GMT+0530 (India Standard Time),141
Fri Jan 10 2025 13:07:40 GMT+0530 (India Standard Time),145
Fri Jan 10 2025 13:08:41 GMT+0530 (India Standard Time),149
Fri Jan 10 2025 13:09:41 GMT+0530 (India Standard Time),152
Fri Jan 10 2025 13:10:40 GMT+0530 (India Standard Time),157
Fri Jan 10 2025 13:11:39 GMT+0530 (India Standard Time),160
Fri Jan 10 2025 13:12:41 GMT+0530 (India Standard Time),165
Fri Jan 10 2025 13:13:40 GMT+0530 (India Standard Time),169
Fri Jan 10 2025 13:14:40 GMT+0530 (India Standard Time),173
Fri Jan 10 2025 13:15:41 GMT+0530 (India Standard Time),177
Fri Jan 10 2025 13:16:40 GMT+0530 (India Standard Time),181
Fri Jan 10 2025 13:17:41 GMT+0530 (India Standard Time),184
Fri Jan 10 2025 13:18:41 GMT+0530 (India Standard Time),188
Fri Jan 10 2025 13:19:40 GMT+0530 (India Standard Time),191
Fri Jan 10 2025 13:20:41 GMT+0530 (India Standard Time),194
Fri Jan 10 2025 13:21:41 GMT+0530 (India Standard Time),197
Fri Jan 10 2025 13:22:40 GMT+0530 (India Standard Time),200
Fri Jan 10 2025 13:23:41 GMT+0530 (India Standard Time),204
Fri Jan 10 2025 13:24:40 GMT+0530 (India Standard Time),207
Fri Jan 10 2025 13:25:40 GMT+0530 (India Standard Time),211
Fri Jan 10 2025 13:26:41 GMT+0530 (India Standard Time),215
Fri Jan 10 2025 13:27:41 GMT+0530 (India Standard Time),217
Fri Jan 10 2025 13:28:40 GMT+0530 (India Standard Time),220
Fri Jan 10 2025 13:29:40 GMT+0530 (India Standard Time),223
Fri Jan 10 2025 13:30:41 GMT+0530 (India Standard Time),225
Fri Jan 10 2025 13:31:41 GMT+0530 (India Standard Time),228
Fri Jan 10 2025 13:32:40 GMT+0530 (India Standard Time),232
Fri Jan 10 2025 13:33:41 GMT+0530 (India Standard Time),236
Fri Jan 10 2025 13:34:40 GMT+0530 (India Standard Time),239
Fri Jan 10 2025 13:35:41 GMT+0530 (India Standard Time),245
Fri Jan 10 2025 13:36:39 GMT+0530 (India Standard Time),249
Fri Jan 10 2025 13:37:41 GMT+0530 (India Standard Time),255
Fri Jan 10 2025 13:38:41 GMT+0530 (India Standard Time),264
Fri Jan 10 2025 13:39:40 GMT+0530 (India Standard Time),268
Fri Jan 10 2025 13:40:41 GMT+0530 (India Standard Time),271
Fri Jan 10 2025 13:41:40 GMT+0530 (India Standard Time),278
Fri Jan 10 2025 13:42:40 GMT+0530 (India Standard Time),282
Fri Jan 10 2025 13:43:41 GMT+0530 (India Standard Time),284
Fri Jan 10 2025 13:44:40 GMT+0530 (India Standard Time),288
Fri Jan 10 2025 13:45:41 GMT+0530 (India Standard Time),286
Fri Jan 10 2025 13:46:40 GMT+0530 (India Standard Time),294
Fri Jan 10 2025 13:47:40 GMT+0530 (India Standard Time),298
Fri Jan 10 2025 13:48:39 GMT+0530 (India Standard Time),305
Fri Jan 10 2025 13:49:40 GMT+0530 (India Standard Time),310
Fri Jan 10 2025 13:50:41 GMT+0530 (India Standard Time),317
Fri Jan 10 2025 13:51:40 GMT+0530 (India Standard Time),319
Fri Jan 10 2025 13:52:41 GMT+0530 (India Standard Time),322
Fri Jan 10 2025 13:53:40 GMT+0530 (India Standard Time),326
Fri Jan 10 2025 13:54:40 GMT+0530 (India Standard Time),333
Fri Jan 10 2025 13:55:40 GMT+0530 (India Standard Time),339
Fri Jan 10 2025 13:56:40 GMT+0530 (India Standard Time),339
Fri Jan 10 2025 13:57:40 GMT+0530 (India Standard Time),342
Fri Jan 10 2025 13:58:41 GMT+0530 (India Standard Time),349
Fri Jan 10 2025 13:59:40 GMT+0530 (India Standard Time),353
Fri Jan 10 2025 14:00:41 GMT+0530 (India Standard Time),356
Fri Jan 10 2025 14:01:40 GMT+0530 (India Standard Time),364
Fri Jan 10 2025 14:02:40 GMT+0530 (India Standard Time),366
Fri Jan 10 2025 14:03:41 GMT+0530 (India Standard Time),373
Fri Jan 10 2025 14:04:40 GMT+0530 (India Standard Time),374
Fri Jan 10 2025 14:05:40 GMT+0530 (India Standard Time),379
Fri Jan 10 2025 14:06:41 GMT+0530 (India Standard Time),383
Fri Jan 10 2025 14:07:40 GMT+0530 (India Standard Time),387
Fri Jan 10 2025 14:08:40 GMT+0530 (India Standard Time),392
Fri Jan 10 2025 14:09:40 GMT+0530 (India Standard Time),395
Fri Jan 10 2025 14:10:41 GMT+0530 (India Standard Time),402
Fri Jan 10 2025 14:11:40 GMT+0530 (India Standard Time),405
Fri Jan 10 2025 14:12:40 GMT+0530 (India Standard Time),413
Fri Jan 10 2025 14:13:41 GMT+0530 (India Standard Time),413
Fri Jan 10 2025 14:14:40 GMT+0530 (India Standard Time),417
Fri Jan 10 2025 14:15:40 GMT+0530 (India Standard Time),421
Fri Jan 10 2025 14:16:41 GMT+0530 (India Standard Time),425
Fri Jan 10 2025 14:17:40 GMT+0530 (India Standard Time),428
Fri Jan 10 2025 14:18:41 GMT+0530 (India Standard Time),426
Fri Jan 10 2025 14:19:41 GMT+0530 (India Standard Time),435
Fri Jan 10 2025 14:20:41 GMT+0530 (India Standard Time),432
Fri Jan 10 2025 14:21:40 GMT+0530 (India Standard Time),442
Fri Jan 10 2025 14:22:40 GMT+0530 (India Standard Time),442
Fri Jan 10 2025 14:23:41 GMT+0530 (India Standard Time),442
Fri Jan 10 2025 14:24:41 GMT+0530 (India Standard Time),449
Fri Jan 10 2025 14:25:40 GMT+0530 (India Standard Time),457
Fri Jan 10 2025 14:26:40 GMT+0530 (India Standard Time),456
Fri Jan 10 2025 14:27:40 GMT+0530 (India Standard Time),460
Fri Jan 10 2025 14:28:41 GMT+0530 (India Standard Time),474
Fri Jan 10 2025 14:29:40 GMT+0530 (India Standard Time),468
Fri Jan 10 2025 14:30:40 GMT+0530 (India Standard Time),476
Fri Jan 10 2025 14:31:40 GMT+0530 (India Standard Time),479
Fri Jan 10 2025 14:32:39 GMT+0530 (India Standard Time),494
Fri Jan 10 2025 14:33:40 GMT+0530 (India Standard Time),483
Fri Jan 10 2025 14:34:41 GMT+0530 (India Standard Time),491
Fri Jan 10 2025 14:35:40 GMT+0530 (India Standard Time),491
Fri Jan 10 2025 14:36:40 GMT+0530 (India Standard Time),493
Fri Jan 10 2025 14:37:41 GMT+0530 (India Standard Time),500
Fri Jan 10 2025 14:38:41 GMT+0530 (India Standard Time),507
Fri Jan 10 2025 14:39:40 GMT+0530 (India Standard Time),502
Fri Jan 10 2025 14:40:40 GMT+0530 (India Standard Time),509
Fri Jan 10 2025 14:41:41 GMT+0530 (India Standard Time),515
Fri Jan 10 2025 14:42:40 GMT+0530 (India Standard Time),507
Fri Jan 10 2025 14:43:40 GMT+0530 (India Standard Time),512
Fri Jan 10 2025 14:44:41 GMT+0530 (India Standard Time),528
Fri Jan 10 2025 14:45:40 GMT+0530 (India Standard Time),519
Fri Jan 10 2025 14:46:41 GMT+0530 (India Standard Time),506
Fri Jan 10 2025 14:47:40 GMT+0530 (India Standard Time),521
Fri Jan 10 2025 14:48:40 GMT+0530 (India Standard Time),546
Fri Jan 10 2025 14:49:40 GMT+0530 (India Standard Time),547
Fri Jan 10 2025 14:50:40 GMT+0530 (India Standard Time),551
Fri Jan 10 2025 14:51:41 GMT+0530 (India Standard Time),548
Fri Jan 10 2025 14:52:40 GMT+0530 (India Standard Time),549
Fri Jan 10 2025 14:53:40 GMT+0530 (India Standard Time),552
Fri Jan 10 2025 14:54:39 GMT+0530 (India Standard Time),541
Fri Jan 10 2025 14:55:40 GMT+0530 (India Standard Time),549
Fri Jan 10 2025 14:56:40 GMT+0530 (India Standard Time),567
Fri Jan 10 2025 14:57:41 GMT+0530 (India Standard Time),603
Fri Jan 10 2025 14:58:41 GMT+0530 (India Standard Time),486
Fri Jan 10 2025 14:59:40 GMT+0530 (India Standard Time),356
Fri Jan 10 2025 15:00:41 GMT+0530 (India Standard Time),450
Fri Jan 10 2025 15:01:40 GMT+0530 (India Standard Time),469
Fri Jan 10 2025 15:02:40 GMT+0530 (India Standard Time),385
Fri Jan 10 2025 15:03:40 GMT+0530 (India Standard Time),321
Fri Jan 10 2025 15:04:41 GMT+0530 (India Standard Time),279
Fri Jan 10 2025 15:05:39 GMT+0530 (India Standard Time),271
Fri Jan 10 2025 15:06:40 GMT+0530 (India Standard Time),273
Fri Jan 10 2025 15:07:41 GMT+0530 (India Standard Time),283
Fri Jan 10 2025 15:08:40 GMT+0530 (India Standard Time),293
Fri Jan 10 2025 15:09:40 GMT+0530 (India Standard Time),305
Fri Jan 10 2025 15:10:40 GMT+0530 (India Standard Time),315
Fri Jan 10 2025 15:11:41 GMT+0530 (India Standard Time),332
Fri Jan 10 2025 15:12:39 GMT+0530 (India Standard Time),346
Fri Jan 10 2025 15:13:41 GMT+0530 (India Standard Time),361
Fri Jan 10 2025 15:14:41 GMT+0530 (India Standard Time),372
Fri Jan 10 2025 15:15:39 GMT+0530 (India Standard Time),389
Fri Jan 10 2025 15:16:38 GMT+0530 (India Standard Time),397
Fri Jan 10 2025 15:17:40 GMT+0530 (India Standard Time),400
Fri Jan 10 2025 15:18:40 GMT+0530 (India Standard Time),412
Fri Jan 10 2025 15:19:38 GMT+0530 (India Standard Time),411
Fri Jan 10 2025 15:20:40 GMT+0530 (India Standard Time),409
Fri Jan 10 2025 15:21:40 GMT+0530 (India Standard Time),420
Fri Jan 10 2025 15:22:40 GMT+0530 (India Standard Time),416
Fri Jan 10 2025 15:23:39 GMT+0530 (India Standard Time),418
Fri Jan 10 2025 15:24:41 GMT+0530 (India Standard Time),423
Fri Jan 10 2025 15:25:40 GMT+0530 (India Standard Time),424
Fri Jan 10 2025 15:26:40 GMT+0530 (India Standard Time),411
Fri Jan 10 2025 15:27:40 GMT+0530 (India Standard Time),400
Fri Jan 10 2025 15:28:40 GMT+0530 (India Standard Time),396
Fri Jan 10 2025 15:29:41 GMT+0530 (India Standard Time),396
Fri Jan 10 2025 15:30:40 GMT+0530 (India Standard Time),401
Fri Jan 10 2025 15:31:41 GMT+0530 (India Standard Time),413
Fri Jan 10 2025 15:32:41 GMT+0530 (India Standard Time),421
Fri Jan 10 2025 15:33:40 GMT+0530 (India Standard Time),422
Fri Jan 10 2025 15:34:40 GMT+0530 (India Standard Time),420
Fri Jan 10 2025 15:35:40 GMT+0530 (India Standard Time),412
Fri Jan 10 2025 15:36:39 GMT+0530 (India Standard Time),411
Fri Jan 10 2025 15:37:40 GMT+0530 (India Standard Time),413
Fri Jan 10 2025 15:38:41 GMT+0530 (India Standard Time),421
Fri Jan 10 2025 15:39:40 GMT+0530 (India Standard Time),427
Fri Jan 10 2025 15:40:41 GMT+0530 (India Standard Time),433
Fri Jan 10 2025 15:41:40 GMT+0530 (India Standard Time),443
Fri Jan 10 2025 15:42:40 GMT+0530 (India Standard Time),456
Fri Jan 10 2025 15:43:40 GMT+0530 (India Standard Time),446
Fri Jan 10 2025 15:44:40 GMT+0530 (India Standard Time),458
Fri Jan 10 2025 15:45:41 GMT+0530 (India Standard Time),466
Fri Jan 10 2025 15:46:40 GMT+0530 (India Standard Time),464
Fri Jan 10 2025 15:47:40 GMT+0530 (India Standard Time),489
Fri Jan 10 2025 15:48:41 GMT+0530 (India Standard Time),465
Fri Jan 10 2025 15:49:40 GMT+0530 (India Standard Time),452
Fri Jan 10 2025 15:50:41 GMT+0530 (India Standard Time),451
Fri Jan 10 2025 15:51:40 GMT+0530 (India Standard Time),463
Fri Jan 10 2025 15:52:41 GMT+0530 (India Standard Time),531
Fri Jan 10 2025 15:53:40 GMT+0530 (India Standard Time),499
Fri Jan 10 2025 15:54:40 GMT+0530 (India Standard Time),503
Fri Jan 10 2025 15:55:39 GMT+0530 (India Standard Time),519
Fri Jan 10 2025 15:56:41 GMT+0530 (India Standard Time),535
Fri Jan 10 2025 15:57:38 GMT+0530 (India Standard Time),485
Fri Jan 10 2025 15:58:39 GMT+0530 (India Standard Time),476
Fri Jan 10 2025 15:59:41 GMT+0530 (India Standard Time),458
Fri Jan 10 2025 16:00:39 GMT+0530 (India Standard Time),464
Fri Jan 10 2025 16:01:40 GMT+0530 (India Standard Time),449
Fri Jan 10 2025 16:02:40 GMT+0530 (India Standard Time),458
Fri Jan 10 2025 16:03:41 GMT+0530 (India Standard Time),443
Fri Jan 10 2025 16:04:40 GMT+0530 (India Standard Time),445
Fri Jan 10 2025 16:05:41 GMT+0530 (India Standard Time),452
Fri Jan 10 2025 16:06:41 GMT+0530 (India Standard Time),471
Fri Jan 10 2025 16:07:39 GMT+0530 (India Standard Time),489
Fri Jan 10 2025 16:08:40 GMT+0530 (India Standard Time),486
Fri Jan 10 2025 16:09:41 GMT+0530 (India Standard Time),476
Fri Jan 10 2025 16:10:40 GMT+0530 (India Standard Time),465
Fri Jan 10 2025 16:11:40 GMT+0530 (India Standard Time),454
Fri Jan 10 2025 16:12:40 GMT+0530 (India Standard Time),457
Fri Jan 10 2025 16:13:41 GMT+0530 (India Standard Time),497
Fri Jan 10 2025 16:14:41 GMT+0530 (India Standard Time),518
Fri Jan 10 2025 16:15:39 GMT+0530 (India Standard Time),576
Fri Jan 10 2025 16:16:40 GMT+0530 (India Standard Time),540
Fri Jan 10 2025 16:17:40 GMT+0530 (India Standard Time),483
Fri Jan 10 2025 16:18:41 GMT+0530 (India Standard Time),524
Fri Jan 10 2025 16:19:40 GMT+0530 (India Standard Time),449
Fri Jan 10 2025 16:20:41 GMT+0530 (India Standard Time),499
Fri Jan 10 2025 16:21:41 GMT+0530 (India Standard Time),465
Fri Jan 10 2025 16:22:41 GMT+0530 (India Standard Time),473
Fri Jan 10 2025 16:23:41 GMT+0530 (India Standard Time),442
Fri Jan 10 2025 16:24:40 GMT+0530 (India Standard Time),426
Fri Jan 10 2025 16:25:40 GMT+0530 (India Standard Time),421
Fri Jan 10 2025 16:26:41 GMT+0530 (India Standard Time),426
Fri Jan 10 2025 16:27:40 GMT+0530 (India Standard Time),430
Fri Jan 10 2025 16:28:41 GMT+0530 (India Standard Time),431
Fri Jan 10 2025 16:29:41 GMT+0530 (India Standard Time),436
Fri Jan 10 2025 16:30:40 GMT+0530 (India Standard Time),448
Fri Jan 10 2025 16:31:40 GMT+0530 (India Standard Time),491
Fri Jan 10 2025 16:32:40 GMT+0530 (India Standard Time),500
Fri Jan 10 2025 16:33:41 GMT+0530 (India Standard Time),526
Fri Jan 10 2025 16:34:40 GMT+0530 (India Standard Time),569
Fri Jan 10 2025 16:35:40 GMT+0530 (India Standard Time),793
Fri Jan 10 2025 16:36:41 GMT+0530 (India Standard Time),728
Fri Jan 10 2025 16:37:40 GMT+0530 (India Standard Time),584
Fri Jan 10 2025 16:38:40 GMT+0530 (India Standard Time),617
Fri Jan 10 2025 16:39:40 GMT+0530 (India Standard Time),812
Fri Jan 10 2025 16:40:40 GMT+0530 (India Standard Time),706
Fri Jan 10 2025 16:41:38 GMT+0530 (India Standard Time),661
Fri Jan 10 2025 16:42:39 GMT+0530 (India Standard Time),612
Fri Jan 10 2025 16:43:41 GMT+0530 (India Standard Time),667
Fri Jan 10 2025 16:44:40 GMT+0530 (India Standard Time),540
Fri Jan 10 2025 16:45:39 GMT+0530 (India Standard Time),510
Fri Jan 10 2025 16:46:41 GMT+0530 (India Standard Time),578
Fri Jan 10 2025 16:47:40 GMT+0530 (India Standard Time),596
Fri Jan 10 2025 16:48:41 GMT+0530 (India Standard Time),664
Fri Jan 10 2025 16:49:40 GMT+0530 (India Standard Time),742
Fri Jan 10 2025 16:50:40 GMT+0530 (India Standard Time),882
Fri Jan 10 2025 16:51:39 GMT+0530 (India Standard Time),875
Fri Jan 10 2025 16:52:40 GMT+0530 (India Standard Time),871
Fri Jan 10 2025 16:53:40 GMT+0530 (India Standard Time),710
Fri Jan 10 2025 16:54:41 GMT+0530 (India Standard Time),622
Fri Jan 10 2025 16:55:39 GMT+0530 (India Standard Time),836
Fri Jan 10 2025 16:56:40 GMT+0530 (India Standard Time),1075
Fri Jan 10 2025 16:57:40 GMT+0530 (India Standard Time),825
Fri Jan 10 2025 16:58:41 GMT+0530 (India Standard Time),1081
Fri Jan 10 2025 16:59:39 GMT+0530 (India Standard Time),1068
Fri Jan 10 2025 17:00:40 GMT+0530 (India Standard Time),996
Fri Jan 10 2025 17:01:41 GMT+0530 (India Standard Time),968
Fri Jan 10 2025 17:02:40 GMT+0530 (India Standard Time),982
Fri Jan 10 2025 17:03:40 GMT+0530 (India Standard Time),936
Fri Jan 10 2025 17:04:40 GMT+0530 (India Standard Time),360
Fri Jan 10 2025 17:05:40 GMT+0530 (India Standard Time),364
Fri Jan 10 2025 17:06:40 GMT+0530 (India Standard Time),608
Fri Jan 10 2025 17:07:40 GMT+0530 (India Standard Time),403
Fri Jan 10 2025 17:08:39 GMT+0530 (India Standard Time),402
Fri Jan 10 2025 17:09:41 GMT+0530 (India Standard Time),973
Fri Jan 10 2025 17:10:40 GMT+0530 (India Standard Time),1020
Fri Jan 10 2025 17:11:40 GMT+0530 (India Standard Time),993
Fri Jan 10 2025 17:12:40 GMT+0530 (India Standard Time),1018
Fri Jan 10 2025 17:13:40 GMT+0530 (India Standard Time),810
Fri Jan 10 2025 17:14:41 GMT+0530 (India Standard Time),870
Fri Jan 10 2025 17:15:41 GMT+0530 (India Standard Time),999
Fri Jan 10 2025 17:16:40 GMT+0530 (India Standard Time),945
Fri Jan 10 2025 17:17:39 GMT+0530 (India Standard Time),1030
Fri Jan 10 2025 17:18:40 GMT+0530 (India Standard Time),840
Fri Jan 10 2025 17:19:40 GMT+0530 (India Standard Time),733
Fri Jan 10 2025 17:20:40 GMT+0530 (India Standard Time),793
Fri Jan 10 2025 17:21:40 GMT+0530 (India Standard Time),656
Fri Jan 10 2025 17:22:41 GMT+0530 (India Standard Time),602
Fri Jan 10 2025 17:23:40 GMT+0530 (India Standard Time),706
Fri Jan 10 2025 17:24:40 GMT+0530 (India Standard Time),1041
Fri Jan 10 2025 17:25:40 GMT+0530 (India Standard Time),864
Fri Jan 10 2025 17:26:41 GMT+0530 (India Standard Time),883
Fri Jan 10 2025 17:27:40 GMT+0530 (India Standard Time),992
Fri Jan 10 2025 17:28:40 GMT+0530 (India Standard Time),999
Fri Jan 10 2025 17:29:40 GMT+0530 (India Standard Time),1024
Fri Jan 10 2025 17:30:41 GMT+0530 (India Standard Time),1028
Fri Jan 10 2025 17:31:40 GMT+0530 (India Standard Time),1001
Fri Jan 10 2025 17:32:40 GMT+0530 (India Standard Time),399
Fri Jan 10 2025 17:33:41 GMT+0530 (India Standard Time),975
Fri Jan 10 2025 17:34:40 GMT+0530 (India Standard Time),945
Fri Jan 10 2025 17:35:40 GMT+0530 (India Standard Time),364
Fri Jan 10 2025 17:36:40 GMT+0530 (India Standard Time),963
Fri Jan 10 2025 17:37:40 GMT+0530 (India Standard Time),937
Fri Jan 10 2025 17:38:40 GMT+0530 (India Standard Time),973
Fri Jan 10 2025 17:39:39 GMT+0530 (India Standard Time),969
Fri Jan 10 2025 17:40:39 GMT+0530 (India Standard Time),970
Fri Jan 10 2025 17:41:41 GMT+0530 (India Standard Time),968
Fri Jan 10 2025 17:42:39 GMT+0530 (India Standard Time),928
Fri Jan 10 2025 17:43:40 GMT+0530 (India Standard Time),976
Fri Jan 10 2025 17:44:41 GMT+0530 (India Standard Time),952
Fri Jan 10 2025 17:45:41 GMT+0530 (India Standard Time),930
Fri Jan 10 2025 17:46:40 GMT+0530 (India Standard Time),856
Fri Jan 10 2025 17:47:39 GMT+0530 (India Standard Time),912
Fri Jan 10 2025 17:48:41 GMT+0530 (India Standard Time),933
Fri Jan 10 2025 17:49:40 GMT+0530 (India Standard Time),985
Fri Jan 10 2025 17:50:39 GMT+0530 (India Standard Time),1006
Fri Jan 10 2025 17:51:41 GMT+0530 (India Standard Time),1020
Fri Jan 10 2025 17:52:40 GMT+0530 (India Standard Time),551
Fri Jan 10 2025 17:53:39 GMT+0530 (India Standard Time),309
Fri Jan 10 2025 17:54:41 GMT+0530 (India Standard Time),964
Fri Jan 10 2025 17:55:40 GMT+0530 (India Standard Time),775
Fri Jan 10 2025 17:56:41 GMT+0530 (India Standard Time),351
Fri Jan 10 2025 17:57:40 GMT+0530 (India Standard Time),382
Fri Jan 10 2025 17:58:41 GMT+0530 (India Standard Time),605
Fri Jan 10 2025 17:59:41 GMT+0530 (India Standard Time),996
Fri Jan 10 2025 18:00:39 GMT+0530 (India Standard Time),987
Fri Jan 10 2025 18:01:41 GMT+0530 (India Standard Time),985
Fri Jan 10 2025 18:02:40 GMT+0530 (India Standard Time),968
Fri Jan 10 2025 18:03:40 GMT+0530 (India Standard Time),967
Fri Jan 10 2025 18:04:40 GMT+0530 (India Standard Time),994
Fri Jan 10 2025 18:05:41 GMT+0530 (India Standard Time),1021
Fri Jan 10 2025 18:06:41 GMT+0530 (India Standard Time),555
Fri Jan 10 2025 18:07:39 GMT+0530 (India Standard Time),424
Fri Jan 10 2025 18:08:41 GMT+0530 (India Standard Time),312
Fri Jan 10 2025 18:09:40 GMT+0530 (India Standard Time),553
Fri Jan 10 2025 18:10:40 GMT+0530 (India Standard Time),1005
Fri Jan 10 2025 18:11:40 GMT+0530 (India Standard Time),1009
Fri Jan 10 2025 18:12:40 GMT+0530 (India Standard Time),1010
Fri Jan 10 2025 18:13:41 GMT+0530 (India Standard Time),829
Fri Jan 10 2025 18:14:40 GMT+0530 (India Standard Time),969
Fri Jan 10 2025 18:15:40 GMT+0530 (India Standard Time),990
Fri Jan 10 2025 18:16:40 GMT+0530 (India Standard Time),1007
Fri Jan 10 2025 18:17:40 GMT+0530 (India Standard Time),969
Fri Jan 10 2025 18:18:40 GMT+0530 (India Standard Time),325
Fri Jan 10 2025 18:19:40 GMT+0530 (India Standard Time),286
Fri Jan 10 2025 18:20:39 GMT+0530 (India Standard Time),337
Fri Jan 10 2025 18:21:40 GMT+0530 (India Standard Time),931
Fri Jan 10 2025 18:22:39 GMT+0530 (India Standard Time),972
Fri Jan 10 2025 18:23:40 GMT+0530 (India Standard Time),986
Fri Jan 10 2025 18:24:40 GMT+0530 (India Standard Time),1008
Fri Jan 10 2025 18:25:39 GMT+0530 (India Standard Time),994
Fri Jan 10 2025 18:26:41 GMT+0530 (India Standard Time),507
Fri Jan 10 2025 18:27:40 GMT+0530 (India Standard Time),989
Fri Jan 10 2025 18:28:40 GMT+0530 (India Standard Time),969
Fri Jan 10 2025 18:29:40 GMT+0530 (India Standard Time),980
Fri Jan 10 2025 18:30:41 GMT+0530 (India Standard Time),962
Fri Jan 10 2025 18:31:39 GMT+0530 (India Standard Time),599
Fri Jan 10 2025 18:32:41 GMT+0530 (India Standard Time),953
Fri Jan 10 2025 18:33:41 GMT+0530 (India Standard Time),983
Fri Jan 10 2025 18:34:40 GMT+0530 (India Standard Time),972
Fri Jan 10 2025 18:35:41 GMT+0530 (India Standard Time),980
Fri Jan 10 2025 18:36:40 GMT+0530 (India Standard Time),1054
Fri Jan 10 2025 18:37:40 GMT+0530 (India Standard Time),1036
Fri Jan 10 2025 18:38:40 GMT+0530 (India Standard Time),519
Fri Jan 10 2025 18:39:40 GMT+0530 (India Standard Time),528
Fri Jan 10 2025 18:40:40 GMT+0530 (India Standard Time),942
Fri Jan 10 2025 18:41:40 GMT+0530 (India Standard Time),990
Fri Jan 10 2025 18:42:40 GMT+0530 (India Standard Time),980
Fri Jan 10 2025 18:43:40 GMT+0530 (India Standard Time),925
Fri Jan 10 2025 18:44:39 GMT+0530 (India Standard Time),949
Fri Jan 10 2025 18:45:40 GMT+0530 (India Standard Time),966
Fri Jan 10 2025 18:46:41 GMT+0530 (India Standard Time),951
Fri Jan 10 2025 18:47:39 GMT+0530 (India Standard Time),960
Fri Jan 10 2025 18:48:39 GMT+0530 (India Standard Time),977
Fri Jan 10 2025 18:49:40 GMT+0530 (India Standard Time),1027
Fri Jan 10 2025 18:50:40 GMT+0530 (India Standard Time),1028
Fri Jan 10 2025 18:51:40 GMT+0530 (India Standard Time),911
Fri Jan 10 2025 18:52:40 GMT+0530 (India Standard Time),891
Fri Jan 10 2025 18:53:40 GMT+0530 (India Standard Time),972
Fri Jan 10 2025 18:54:40 GMT+0530 (India Standard Time),1023
Fri Jan 10 2025 18:55:40 GMT+0530 (India Standard Time),566
Fri Jan 10 2025 18:56:39 GMT+0530 (India Standard Time),1061
Fri Jan 10 2025 18:57:40 GMT+0530 (India Standard Time),1068
Fri Jan 10 2025 18:58:41 GMT+0530 (India Standard Time),603
Fri Jan 10 2025 18:59:40 GMT+0530 (India Standard Time),407
Fri Jan 10 2025 19:00:40 GMT+0530 (India Standard Time),375
Fri Jan 10 2025 19:01:39 GMT+0530 (India Standard Time),376
Fri Jan 10 2025 19:02:41 GMT+0530 (India Standard Time),1045
Fri Jan 10 2025 19:03:39 GMT+0530 (India Standard Time),1052
Fri Jan 10 2025 19:04:39 GMT+0530 (India Standard Time),973
Fri Jan 10 2025 19:05:40 GMT+0530 (India Standard Time),1020
Fri Jan 10 2025 19:06:41 GMT+0530 (India Standard Time),941
Fri Jan 10 2025 19:07:39 GMT+0530 (India Standard Time),1009
Fri Jan 10 2025 19:08:41 GMT+0530 (India Standard Time),928
Fri Jan 10 2025 19:09:40 GMT+0530 (India Standard Time),997
Fri Jan 10 2025 19:10:39 GMT+0530 (India Standard Time),928
Fri Jan 10 2025 19:11:41 GMT+0530 (India Standard Time),950
Fri Jan 10 2025 19:12:40 GMT+0530 (India Standard Time),720
Fri Jan 10 2025 19:13:40 GMT+0530 (India Standard Time),844
Fri Jan 10 2025 19:14:40 GMT+0530 (India Standard Time),847
Fri Jan 10 2025 19:15:40 GMT+0530 (India Standard Time),398
Fri Jan 10 2025 19:16:39 GMT+0530 (India Standard Time),350
Fri Jan 10 2025 19:17:41 GMT+0530 (India Standard Time),388
Fri Jan 10 2025 19:18:39 GMT+0530 (India Standard Time),328
Fri Jan 10 2025 19:19:40 GMT+0530 (India Standard Time),300
Fri Jan 10 2025 19:20:41 GMT+0530 (India Standard Time),303
Fri Jan 10 2025 19:21:39 GMT+0530 (India Standard Time),315
Fri Jan 10 2025 19:22:40 GMT+0530 (India Standard Time),347
Fri Jan 10 2025 19:23:40 GMT+0530 (India Standard Time),399
Fri Jan 10 2025 19:24:40 GMT+0530 (India Standard Time),824
Fri Jan 10 2025 19:25:39 GMT+0530 (India Standard Time),416
Fri Jan 10 2025 19:26:39 GMT+0530 (India Standard Time),369
Fri Jan 10 2025 19:27:40 GMT+0530 (India Standard Time),361
Fri Jan 10 2025 19:28:39 GMT+0530 (India Standard Time),370
Fri Jan 10 2025 19:29:40 GMT+0530 (India Standard Time),375
Fri Jan 10 2025 19:30:40 GMT+0530 (India Standard Time),383
Fri Jan 10 2025 19:31:39 GMT+0530 (India Standard Time),302
Fri Jan 10 2025 19:32:41 GMT+0530 (India Standard Time),288
Fri Jan 10 2025 19:33:40 GMT+0530 (India Standard Time),283
Fri Jan 10 2025 19:34:40 GMT+0530 (India Standard Time),282
Fri Jan 10 2025 19:35:40 GMT+0530 (India Standard Time),282
Fri Jan 10 2025 19:36:40 GMT+0530 (India Standard Time),279
Fri Jan 10 2025 19:37:40 GMT+0530 (India Standard Time),269
Fri Jan 10 2025 19:38:40 GMT+0530 (India Standard Time),252
Fri Jan 10 2025 19:39:39 GMT+0530 (India Standard Time),233
Fri Jan 10 2025 19:40:40 GMT+0530 (India Standard Time),218
Fri Jan 10 2025 19:41:39 GMT+0530 (India Standard Time),205
Fri Jan 10 2025 19:42:40 GMT+0530 (India Standard Time),193
Fri Jan 10 2025 19:43:39 GMT+0530 (India Standard Time),180
Fri Jan 10 2025 19:44:40 GMT+0530 (India Standard Time),166
Fri Jan 10 2025 19:45:37 GMT+0530 (India Standard Time),150
Fri Jan 10 2025 19:46:40 GMT+0530 (India Standard Time),137
Fri Jan 10 2025 19:47:40 GMT+0530 (India Standard Time),124
Fri Jan 10 2025 19:48:41 GMT+0530 (India Standard Time),115
Fri Jan 10 2025 19:49:40 GMT+0530 (India Standard Time),108
Fri Jan 10 2025 19:50:40 GMT+0530 (India Standard Time),102
Fri Jan 10 2025 19:51:40 GMT+0530 (India Standard Time),99
Fri Jan 10 2025 19:52:41 GMT+0530 (India Standard Time),100
Fri Jan 10 2025 19:53:40 GMT+0530 (India Standard Time),104
Fri Jan 10 2025 19:54:40 GMT+0530 (India Standard Time),109
Fri Jan 10 2025 19:55:40 GMT+0530 (India Standard Time),112
Fri Jan 10 2025 19:56:41 GMT+0530 (India Standard Time),115
Fri Jan 10 2025 19:57:40 GMT+0530 (India Standard Time),116
Fri Jan 10 2025 19:58:40 GMT+0530 (India Standard Time),116
Fri Jan 10 2025 19:59:40 GMT+0530 (India Standard Time),117
Fri Jan 10 2025 20:00:41 GMT+0530 (India Standard Time),118
Fri Jan 10 2025 20:01:39 GMT+0530 (India Standard Time),119
Fri Jan 10 2025 20:02:41 GMT+0530 (India Standard Time),120
Fri Jan 10 2025 20:03:40 GMT+0530 (India Standard Time),122
Fri Jan 10 2025 20:04:41 GMT+0530 (India Standard Time),122
Fri Jan 10 2025 20:05:40 GMT+0530 (India Standard Time),120
Fri Jan 10 2025 20:06:40 GMT+0530 (India Standard Time),118
Fri Jan 10 2025 20:07:41 GMT+0530 (India Standard Time),113
Fri Jan 10 2025 20:08:40 GMT+0530 (India Standard Time),106
Fri Jan 10 2025 20:09:39 GMT+0530 (India Standard Time),96
Fri Jan 10 2025 20:10:41 GMT+0530 (India Standard Time),92
Fri Jan 10 2025 20:11:40 GMT+0530 (India Standard Time),51
Fri Jan 10 2025 20:12:39 GMT+0530 (India Standard Time),89
Fri Jan 10 2025 20:13:40 GMT+0530 (India Standard Time),91
Fri Jan 10 2025 20:14:40 GMT+0530 (India Standard Time),94
Fri Jan 10 2025 20:15:40 GMT+0530 (India Standard Time),98
Fri Jan 10 2025 20:16:39 GMT+0530 (India Standard Time),105
Fri Jan 10 2025 20:17:40 GMT+0530 (India Standard Time),115
Fri Jan 10 2025 20:18:41 GMT+0530 (India Standard Time),125
Fri Jan 10 2025 20:19:39 GMT+0530 (India Standard Time),138
Fri Jan 10 2025 20:20:41 GMT+0530 (India Standard Time),149
Fri Jan 10 2025 20:21:40 GMT+0530 (India Standard Time),156
Fri Jan 10 2025 20:22:40 GMT+0530 (India Standard Time),162
Fri Jan 10 2025 20:23:38 GMT+0530 (India Standard Time),163
Fri Jan 10 2025 20:24:40 GMT+0530 (India Standard Time),161
Fri Jan 10 2025 20:25:40 GMT+0530 (India Standard Time),151
Fri Jan 10 2025 20:26:39 GMT+0530 (India Standard Time),148
Fri Jan 10 2025 20:27:41 GMT+0530 (India Standard Time),140
Fri Jan 10 2025 20:28:40 GMT+0530 (India Standard Time),135
Fri Jan 10 2025 20:29:40 GMT+0530 (India Standard Time),146
Fri Jan 10 2025 20:30:40 GMT+0530 (India Standard Time),150
Fri Jan 10 2025 20:31:40 GMT+0530 (India Standard Time),155
Fri Jan 10 2025 20:32:40 GMT+0530 (India Standard Time),160
Fri Jan 10 2025 20:33:40 GMT+0530 (India Standard Time),164
Fri Jan 10 2025 20:34:40 GMT+0530 (India Standard Time),167
Fri Jan 10 2025 20:35:39 GMT+0530 (India Standard Time),171
Fri Jan 10 2025 20:36:40 GMT+0530 (India Standard Time),177
Fri Jan 10 2025 20:37:39 GMT+0530 (India Standard Time),183
Fri Jan 10 2025 20:38:40 GMT+0530 (India Standard Time),189
Fri Jan 10 2025 20:39:40 GMT+0530 (India Standard Time),195
Fri Jan 10 2025 20:40:40 GMT+0530 (India Standard Time),198
Fri Jan 10 2025 20:41:40 GMT+0530 (India Standard Time),201
Fri Jan 10 2025 20:42:40 GMT+0530 (India Standard Time),203
Fri Jan 10 2025 20:43:40 GMT+0530 (India Standard Time),204
Fri Jan 10 2025 20:44:39 GMT+0530 (India Standard Time),205
Fri Jan 10 2025 20:45:40 GMT+0530 (India Standard Time),207
Fri Jan 10 2025 20:46:41 GMT+0530 (India Standard Time),209
Fri Jan 10 2025 20:47:39 GMT+0530 (India Standard Time),212
Fri Jan 10 2025 20:48:40 GMT+0530 (India Standard Time),217
Fri Jan 10 2025 20:49:40 GMT+0530 (India Standard Time),220
Fri Jan 10 2025 20:50:39 GMT+0530 (India Standard Time),224
Fri Jan 10 2025 20:51:40 GMT+0530 (India Standard Time),226
Fri Jan 10 2025 20:52:39 GMT+0530 (India Standard Time),228
Fri Jan 10 2025 20:53:41 GMT+0530 (India Standard Time),230
Fri Jan 10 2025 20:54:39 GMT+0530 (India Standard Time),232
Fri Jan 10 2025 20:55:39 GMT+0530 (India Standard Time),234
Fri Jan 10 2025 20:56:40 GMT+0530 (India Standard Time),235
Fri Jan 10 2025 20:57:40 GMT+0530 (India Standard Time),235
Fri Jan 10 2025 20:58:40 GMT+0530 (India Standard Time),236
Fri Jan 10 2025 20:59:40 GMT+0530 (India Standard Time),239
Fri Jan 10 2025 21:00:41 GMT+0530 (India Standard Time),243
Fri Jan 10 2025 21:01:39 GMT+0530 (India Standard Time),245
Fri Jan 10 2025 21:02:40 GMT+0530 (India Standard Time),246
Fri Jan 10 2025 21:03:40 GMT+0530 (India Standard Time),247
Fri Jan 10 2025 21:04:40 GMT+0530 (India Standard Time),248
Fri Jan 10 2025 21:05:39 GMT+0530 (India Standard Time),248
Fri Jan 10 2025 21:06:40 GMT+0530 (India Standard Time),248
Fri Jan 10 2025 21:07:41 GMT+0530 (India Standard Time),245
Fri Jan 10 2025 21:08:39 GMT+0530 (India Standard Time),243
Fri Jan 10 2025 21:09:40 GMT+0530 (India Standard Time),242
Fri Jan 10 2025 21:10:40 GMT+0530 (India Standard Time),241
Fri Jan 10 2025 21:11:40 GMT+0530 (India Standard Time),241
Fri Jan 10 2025 21:12:40 GMT+0530 (India Standard Time),240
Fri Jan 10 2025 21:13:39 GMT+0530 (India Standard Time),236
Fri Jan 10 2025 21:14:40 GMT+0530 (India Standard Time),226
Fri Jan 10 2025 21:15:39 GMT+0530 (India Standard Time),213
Fri Jan 10 2025 21:16:41 GMT+0530 (India Standard Time),184
Fri Jan 10 2025 21:17:40 GMT+0530 (India Standard Time),164
Fri Jan 10 2025 21:18:40 GMT+0530 (India Standard Time),151
Fri Jan 10 2025 21:19:40 GMT+0530 (India Standard Time),143
Fri Jan 10 2025 21:20:40 GMT+0530 (India Standard Time),138
Fri Jan 10 2025 21:21:40 GMT+0530 (India Standard Time),134
Fri Jan 10 2025 21:22:39 GMT+0530 (India Standard Time),132
Fri Jan 10 2025 21:23:41 GMT+0530 (India Standard Time),130
Fri Jan 10 2025 21:24:40 GMT+0530 (India Standard Time),126
Fri Jan 10 2025 21:25:40 GMT+0530 (India Standard Time),121
Fri Jan 10 2025 21:26:40 GMT+0530 (India Standard Time),114
Fri Jan 10 2025 21:27:40 GMT+0530 (India Standard Time),109
Fri Jan 10 2025 21:28:40 GMT+0530 (India Standard Time),103
Fri Jan 10 2025 21:29:39 GMT+0530 (India Standard Time),97
Fri Jan 10 2025 21:30:41 GMT+0530 (India Standard Time),94
Fri Jan 10 2025 21:31:40 GMT+0530 (India Standard Time),94
Fri Jan 10 2025 21:32:40 GMT+0530 (India Standard Time),96
Fri Jan 10 2025 21:33:40 GMT+0530 (India Standard Time),97
Fri Jan 10 2025 21:34:39 GMT+0530 (India Standard Time),97
Fri Jan 10 2025 21:35:40 GMT+0530 (India Standard Time),97
Fri Jan 10 2025 21:36:40 GMT+0530 (India Standard Time),96
Fri Jan 10 2025 21:37:39 GMT+0530 (India Standard Time),95
Fri Jan 10 2025 21:38:39 GMT+0530 (India Standard Time),94
Fri Jan 10 2025 21:39:40 GMT+0530 (India Standard Time),92
Fri Jan 10 2025 21:40:39 GMT+0530 (India Standard Time),91
Fri Jan 10 2025 21:41:40 GMT+0530 (India Standard Time),94
Fri Jan 10 2025 21:42:40 GMT+0530 (India Standard Time),97
Fri Jan 10 2025 21:43:41 GMT+0530 (India Standard Time),99
Fri Jan 10 2025 21:44:39 GMT+0530 (India Standard Time),99
Fri Jan 10 2025 21:45:40 GMT+0530 (India Standard Time),98
Fri Jan 10 2025 21:46:40 GMT+0530 (India Standard Time),94
Fri Jan 10 2025 21:47:39 GMT+0530 (India Standard Time),92
Fri Jan 10 2025 21:48:40 GMT+0530 (India Standard Time),94
Fri Jan 10 2025 21:49:40 GMT+0530 (India Standard Time),98
Fri Jan 10 2025 21:50:39 GMT+0530 (India Standard Time),102
Fri Jan 10 2025 21:51:40 GMT+0530 (India Standard Time),106
Fri Jan 10 2025 21:52:40 GMT+0530 (India Standard Time),107
Fri Jan 10 2025 21:53:40 GMT+0530 (India Standard Time),107
Fri Jan 10 2025 21:54:38 GMT+0530 (India Standard Time),107
Fri Jan 10 2025 21:55:40 GMT+0530 (India Standard Time),105
Fri Jan 10 2025 21:56:40 GMT+0530 (India Standard Time),104
Fri Jan 10 2025 21:57:41 GMT+0530 (India Standard Time),101
Fri Jan 10 2025 21:58:40 GMT+0530 (India Standard Time),99
Fri Jan 10 2025 21:59:40 GMT+0530 (India Standard Time),98
Fri Jan 10 2025 22:00:40 GMT+0530 (India Standard Time),98
Fri Jan 10 2025 22:01:40 GMT+0530 (India Standard Time),100
Fri Jan 10 2025 22:02:39 GMT+0530 (India Standard Time),102
Fri Jan 10 2025 22:03:40 GMT+0530 (India Standard Time),104
Fri Jan 10 2025 22:04:41 GMT+0530 (India Standard Time),105
Fri Jan 10 2025 22:05:40 GMT+0530 (India Standard Time),105
Fri Jan 10 2025 22:06:40 GMT+0530 (India Standard Time),104
Fri Jan 10 2025 22:07:39 GMT+0530 (India Standard Time),102
Fri Jan 10 2025 22:08:39 GMT+0530 (India Standard Time),99
Fri Jan 10 2025 22:09:40 GMT+0530 (India Standard Time),97
Fri Jan 10 2025 22:10:40 GMT+0530 (India Standard Time),95
Fri Jan 10 2025 22:11:40 GMT+0530 (India Standard Time),94
Fri Jan 10 2025 22:12:40 GMT+0530 (India Standard Time),93
Fri Jan 10 2025 22:13:40 GMT+0530 (India Standard Time),91
Fri Jan 10 2025 22:14:39 GMT+0530 (India Standard Time),89
Fri Jan 10 2025 22:15:40 GMT+0530 (India Standard Time),88
Fri Jan 10 2025 22:16:40 GMT+0530 (India Standard Time),89
Fri Jan 10 2025 22:17:40 GMT+0530 (India Standard Time),90
Fri Jan 10 2025 22:18:40 GMT+0530 (India Standard Time),92
Fri Jan 10 2025 22:19:40 GMT+0530 (India Standard Time),92
Fri Jan 10 2025 22:20:40 GMT+0530 (India Standard Time),91
Fri Jan 10 2025 22:21:40 GMT+0530 (India Standard Time),91
Fri Jan 10 2025 22:22:41 GMT+0530 (India Standard Time),91
Fri Jan 10 2025 22:23:40 GMT+0530 (India Standard Time),92
Fri Jan 10 2025 22:24:40 GMT+0530 (India Standard Time),93
Fri Jan 10 2025 22:25:39 GMT+0530 (India Standard Time),95
Fri Jan 10 2025 22:26:41 GMT+0530 (India Standard Time),95
Fri Jan 10 2025 22:27:40 GMT+0530 (India Standard Time),94
Fri Jan 10 2025 22:28:40 GMT+0530 (India Standard Time),95
Fri Jan 10 2025 22:29:41 GMT+0530 (India Standard Time),96
Fri Jan 10 2025 22:30:41 GMT+0530 (India Standard Time),97
Fri Jan 10 2025 22:31:39 GMT+0530 (India Standard Time),95
Fri Jan 10 2025 22:32:39 GMT+0530 (India Standard Time),91
Fri Jan 10 2025 22:33:40 GMT+0530 (India Standard Time),86
Fri Jan 10 2025 22:34:40 GMT+0530 (India Standard Time),80
Fri Jan 10 2025 22:35:36 GMT+0530 (India Standard Time),76
Fri Jan 10 2025 22:36:40 GMT+0530 (India Standard Time),72
Fri Jan 10 2025 22:37:40 GMT+0530 (India Standard Time),69
Fri Jan 10 2025 22:38:40 GMT+0530 (India Standard Time),66
Fri Jan 10 2025 22:39:40 GMT+0530 (India Standard Time),63
Fri Jan 10 2025 22:40:40 GMT+0530 (India Standard Time),61
Fri Jan 10 2025 22:41:39 GMT+0530 (India Standard Time),57
Fri Jan 10 2025 22:42:41 GMT+0530 (India Standard Time),53
Fri Jan 10 2025 22:43:39 GMT+0530 (India Standard Time),49
Fri Jan 10 2025 22:44:40 GMT+0530 (India Standard Time),45
Fri Jan 10 2025 22:45:39 GMT+0530 (India Standard Time),43
Fri Jan 10 2025 22:46:40 GMT+0530 (India Standard Time),41
Fri Jan 10 2025 22:47:40 GMT+0530 (India Standard Time),39
Fri Jan 10 2025 22:48:39 GMT+0530 (India Standard Time),38
Fri Jan 10 2025 22:49:39 GMT+0530 (India Standard Time),36
Fri Jan 10 2025 22:50:40 GMT+0530 (India Standard Time),34
Fri Jan 10 2025 22:51:39 GMT+0530 (India Standard Time),32
Fri Jan 10 2025 22:52:40 GMT+0530 (India Standard Time),30
Fri Jan 10 2025 22:53:40 GMT+0530 (India Standard Time),27
Fri Jan 10 2025 22:54:40 GMT+0530 (India Standard Time),25
Fri Jan 10 2025 22:55:39 GMT+0530 (India Standard Time),24
Fri Jan 10 2025 22:56:40 GMT+0530 (India Standard Time),22
Fri Jan 10 2025 22:57:41 GMT+0530 (India Standard Time),21
Fri Jan 10 2025 22:58:39 GMT+0530 (India Standard Time),20
Fri Jan 10 2025 22:59:40 GMT+0530 (India Standard Time),19
Fri Jan 10 2025 23:00:40 GMT+0530 (India Standard Time),19
Fri Jan 10 2025 23:01:40 GMT+0530 (India Standard Time),18
Fri Jan 10 2025 23:02:40 GMT+0530 (India Standard Time),17
Fri Jan 10 2025 23:03:40 GMT+0530 (India Standard Time),16
Fri Jan 10 2025 23:04:39 GMT+0530 (India Standard Time),16
Fri Jan 10 2025 23:05:41 GMT+0530 (India Standard Time),15
Fri Jan 10 2025 23:06:39 GMT+0530 (India Standard Time),15
Fri Jan 10 2025 23:07:40 GMT+0530 (India Standard Time),14
Fri Jan 10 2025 23:08:40 GMT+0530 (India Standard Time),14
Fri Jan 10 2025 23:09:39 GMT+0530 (India Standard Time),14
Fri Jan 10 2025 23:10:35 GMT+0530 (India Standard Time),13
Fri Jan 10 2025 23:11:39 GMT+0530 (India Standard Time),12
Fri Jan 10 2025 23:12:41 GMT+0530 (India Standard Time),11
Fri Jan 10 2025 23:13:40 GMT+0530 (India Standard Time),11
Fri Jan 10 2025 23:14:39 GMT+0530 (India Standard Time),10
Fri Jan 10 2025 23:15:41 GMT+0530 (India Standard Time),10
Fri Jan 10 2025 23:16:40 GMT+0530 (India Standard Time),10
Fri Jan 10 2025 23:17:40 GMT+0530 (India Standard Time),10
Fri Jan 10 2025 23:18:40 GMT+0530 (India Standard Time),9
Fri Jan 10 2025 23:19:41 GMT+0530 (India Standard Time),9
Fri Jan 10 2025 23:20:40 GMT+0530 (India Standard Time),8
Fri Jan 10 2025 23:21:39 GMT+0530 (India Standard Time),7
Fri Jan 10 2025 23:22:41 GMT+0530 (India Standard Time),6
Fri Jan 10 2025 23:23:40 GMT+0530 (India Standard Time),6
Fri Jan 10 2025 23:24:40 GMT+0530 (India Standard Time),5
Fri Jan 10 2025 23:25:39 GMT+0530 (India Standard Time),5
Fri Jan 10 2025 23:26:40 GMT+0530 (India Standard Time),5
Fri Jan 10 2025 23:27:40 GMT+0530 (India Standard Time),6
Fri Jan 10 2025 23:28:39 GMT+0530 (India Standard Time),6
Fri Jan 10 2025 23:29:40 GMT+0530 (India Standard Time),5
Fri Jan 10 2025 23:30:40 GMT+0530 (India Standard Time),4
Fri Jan 10 2025 23:31:40 GMT+0530 (India Standard Time),4
Fri Jan 10 2025 23:32:40 GMT+0530 (India Standard Time),3
Fri Jan 10 2025 23:33:40 GMT+0530 (India Standard Time),2
Fri Jan 10 2025 23:34:39 GMT+0530 (India Standard Time),1
Fri Jan 10 2025 23:35:41 GMT+0530 (India Standard Time),1
Fri Jan 10 2025 23:36:39 GMT+0530 (India Standard Time),0
Fri Jan 10 2025 23:37:39 GMT+0530 (India Standard Time),0
Fri Jan 10 2025 23:38:40 GMT+0530 (India Standard Time),0
Fri Jan 10 2025 23:39:40 GMT+0530 (India Standard Time),0
Fri Jan 10 2025 23:40:40 GMT+0530 (India Standard Time),0
Fri Jan 10 2025 23:41:40 GMT+0530 (India Standard Time),0
Fri Jan 10 2025 23:42:40 GMT+0530 (India Standard Time),0
Fri Jan 10 2025 23:43:40 GMT+0530 (India Standard Time),0
Fri Jan 10 2025 23:44:39 GMT+0530 (India Standard Time),0
Fri Jan 10 2025 23:45:40 GMT+0530 (India Standard Time),0
Fri Jan 10 2025 23:46:40 GMT+0530 (India Standard Time),0
Fri Jan 10 2025 23:47:39 GMT+0530 (India Standard Time),0
Fri Jan 10 2025 23:48:40 GMT+0530 (India Standard Time),0
Fri Jan 10 2025 23:49:40 GMT+0530 (India Standard Time),0
Fri Jan 10 2025 23:50:39 GMT+0530 (India Standard Time),0
Fri Jan 10 2025 23:51:40 GMT+0530 (India Standard Time),0
Fri Jan 10 2025 23:52:40 GMT+0530 (India Standard Time),0
Fri Jan 10 2025 23:53:40 GMT+0530 (India Standard Time),0
Fri Jan 10 2025 23:54:40 GMT+0530 (India Standard Time),0
Fri Jan 10 2025 23:55:39 GMT+0530 (India Standard Time),0
Fri Jan 10 2025 23:56:40 GMT+0530 (India Standard Time),0
Fri Jan 10 2025 23:57:40 GMT+0530 (India Standard Time),-1
Fri Jan 10 2025 23:58:40 GMT+0530 (India Standard Time),-1
Fri Jan 10 2025 23:59:40 GMT+0530 (India Standard Time),-1
Sat Jan 11 2025 00:00:39 GMT+0530 (India Standard Time),-1
Sat Jan 11 2025 00:01:40 GMT+0530 (India Standard Time),-1
Sat Jan 11 2025 00:02:40 GMT+0530 (India Standard Time),-1
Sat Jan 11 2025 00:03:39 GMT+0530 (India Standard Time),-1
Sat Jan 11 2025 00:04:40 GMT+0530 (India Standard Time),0
Sat Jan 11 2025 00:05:41 GMT+0530 (India Standard Time),0
Sat Jan 11 2025 00:06:40 GMT+0530 (India Standard Time),0
Sat Jan 11 2025 00:07:40 GMT+0530 (India Standard Time),0
Sat Jan 11 2025 00:08:40 GMT+0530 (India Standard Time),0
Sat Jan 11 2025 00:09:40 GMT+0530 (India Standard Time),0
Sat Jan 11 2025 00:10:40 GMT+0530 (India Standard Time),0
Sat Jan 11 2025 00:11:39 GMT+0530 (India Standard Time),0
Sat Jan 11 2025 00:12:40 GMT+0530 (India Standard Time),0
Sat Jan 11 2025 00:13:39 GMT+0530 (India Standard Time),0
Sat Jan 11 2025 00:14:40 GMT+0530 (India Standard Time),0
Sat Jan 11 2025 00:15:39 GMT+0530 (India Standard Time),0
Sat Jan 11 2025 00:16:40 GMT+0530 (India Standard Time),0
Sat Jan 11 2025 00:17:40 GMT+0530 (India Standard Time),0
Sat Jan 11 2025 00:18:39 GMT+0530 (India Standard Time),0
Sat Jan 11 2025 00:19:40 GMT+0530 (India Standard Time),0
Sat Jan 11 2025 00:20:40 GMT+0530 (India Standard Time),0
Sat Jan 11 2025 00:21:41 GMT+0530 (India Standard Time),0
Sat Jan 11 2025 00:22:39 GMT+0530 (India Standard Time),0
Sat Jan 11 2025 00:23:40 GMT+0530 (India Standard Time),0
Sat Jan 11 2025 00:24:40 GMT+0530 (India Standard Time),0
Sat Jan 11 2025 00:25:39 GMT+0530 (India Standard Time),0
Sat Jan 11 2025 00:26:40 GMT+0530 (India Standard Time),0
Sat Jan 11 2025 00:27:40 GMT+0530 (India Standard Time),0
Sat Jan 11 2025 00:28:39 GMT+0530 (India Standard Time),0
Sat Jan 11 2025 00:29:39 GMT+0530 (India Standard Time),0
Sat Jan 11 2025 00:30:39 GMT+0530 (India Standard Time),0
Sat Jan 11 2025 00:31:40 GMT+0530 (India Standard Time),0
Sat Jan 11 2025 00:32:39 GMT+0530 (India Standard Time),-1
Sat Jan 11 2025 00:33:39 GMT+0530 (India Standard Time),-1
Sat Jan 11 2025 00:34:39 GMT+0530 (India Standard Time),-1
Sat Jan 11 2025 00:35:41 GMT+0530 (India Standard Time),-1
Sat Jan 11 2025 00:36:39 GMT+0530 (India Standard Time),-1
Sat Jan 11 2025 00:37:39 GMT+0530 (India Standard Time),-1
Sat Jan 11 2025 00:38:40 GMT+0530 (India Standard Time),-1
Sat Jan 11 2025 00:39:39 GMT+0530 (India Standard Time),-1
Sat Jan 11 2025 00:40:37 GMT+0530 (India Standard Time),-1
Sat Jan 11 2025 00:41:40 GMT+0530 (India Standard Time),-1
Sat Jan 11 2025 00:42:40 GMT+0530 (India Standard Time),-1
Sat Jan 11 2025 00:43:39 GMT+0530 (India Standard Time),-1
Sat Jan 11 2025 00:44:40 GMT+0530 (India Standard Time),-1
Sat Jan 11 2025 00:45:40 GMT+0530 (India Standard Time),-1
Sat Jan 11 2025 00:46:39 GMT+0530 (India Standard Time),-1
Sat Jan 11 2025 00:47:40 GMT+0530 (India Standard Time),-1
Sat Jan 11 2025 00:48:39 GMT+0530 (India Standard Time),-1
Sat Jan 11 2025 00:49:40 GMT+0530 (India Standard Time),-1
Sat Jan 11 2025 00:50:39 GMT+0530 (India Standard Time),-1
Sat Jan 11 2025 00:51:39 GMT+0530 (India Standard Time),-1
Sat Jan 11 2025 00:52:40 GMT+0530 (India Standard Time),0
Sat Jan 11 2025 00:53:39 GMT+0530 (India Standard Time),0
Sat Jan 11 2025 00:54:39 GMT+0530 (India Standard Time),0
Sat Jan 11 2025 00:55:40 GMT+0530 (India Standard Time),0
Sat Jan 11 2025 00:56:39 GMT+0530 (India Standard Time),0
Sat Jan 11 2025 00:57:39 GMT+0530 (India Standard Time),-1
Sat Jan 11 2025 00:58:40 GMT+0530 (India Standard Time),-1
Sat Jan 11 2025 00:59:40 GMT+0530 (India Standard Time),-1
Sat Jan 11 2025 01:00:39 GMT+0530 (India Standard Time),-1
Sat Jan 11 2025 01:01:40 GMT+0530 (India Standard Time),-1
Sat Jan 11 2025 01:02:40 GMT+0530 (India Standard Time),-1
Sat Jan 11 2025 01:03:39 GMT+0530 (India Standard Time),0
Sat Jan 11 2025 01:04:39 GMT+0530 (India Standard Time),0
Sat Jan 11 2025 01:05:41 GMT+0530 (India Standard Time),0
Sat Jan 11 2025 01:06:40 GMT+0530 (India Standard Time),-1
Sat Jan 11 2025 01:07:39 GMT+0530 (India Standard Time),-1
Sat Jan 11 2025 01:08:40 GMT+0530 (India Standard Time),-1
Sat Jan 11 2025 01:09:40 GMT+0530 (India Standard Time),-2
Sat Jan 11 2025 01:10:39 GMT+0530 (India Standard Time),-2
Sat Jan 11 2025 01:11:40 GMT+0530 (India Standard Time),-2
Sat Jan 11 2025 01:12:40 GMT+0530 (India Standard Time),-3
Sat Jan 11 2025 01:13:39 GMT+0530 (India Standard Time),-3
Sat Jan 11 2025 01:14:40 GMT+0530 (India Standard Time),-3
Sat Jan 11 2025 01:15:40 GMT+0530 (India Standard Time),-3
Sat Jan 11 2025 01:16:40 GMT+0530 (India Standard Time),-3
Sat Jan 11 2025 01:17:40 GMT+0530 (India Standard Time),-3
Sat Jan 11 2025 01:18:40 GMT+0530 (India Standard Time),-3
Sat Jan 11 2025 01:19:40 GMT+0530 (India Standard Time),-3
Sat Jan 11 2025 01:20:39 GMT+0530 (India Standard Time),-3
Sat Jan 11 2025 01:21:40 GMT+0530 (India Standard Time),-3
Sat Jan 11 2025 01:22:40 GMT+0530 (India Standard Time),-2
Sat Jan 11 2025 01:23:40 GMT+0530 (India Standard Time),-2
Sat Jan 11 2025 01:24:40 GMT+0530 (India Standard Time),-3
Sat Jan 11 2025 01:25:40 GMT+0530 (India Standard Time),-3
Sat Jan 11 2025 01:26:40 GMT+0530 (India Standard Time),-3
Sat Jan 11 2025 01:27:38 GMT+0530 (India Standard Time),-3
Sat Jan 11 2025 01:28:40 GMT+0530 (India Standard Time),-3
Sat Jan 11 2025 01:29:39 GMT+0530 (India Standard Time),-3
Sat Jan 11 2025 01:30:40 GMT+0530 (India Standard Time),-3
Sat Jan 11 2025 01:31:40 GMT+0530 (India Standard Time),-3
Sat Jan 11 2025 01:32:39 GMT+0530 (India Standard Time),-3
Sat Jan 11 2025 01:33:40 GMT+0530 (India Standard Time),-3
Sat Jan 11 2025 01:34:39 GMT+0530 (India Standard Time),-3
Sat Jan 11 2025 01:35:40 GMT+0530 (India Standard Time),-3
Sat Jan 11 2025 01:36:39 GMT+0530 (India Standard Time),-3
Sat Jan 11 2025 01:37:39 GMT+0530 (India Standard Time),-2
Sat Jan 11 2025 01:38:39 GMT+0530 (India Standard Time),-2
Sat Jan 11 2025 01:39:39 GMT+0530 (India Standard Time),-2
Sat Jan 11 2025 01:40:41 GMT+0530 (India Standard Time),-2
Sat Jan 11 2025 01:41:39 GMT+0530 (India Standard Time),-2
Sat Jan 11 2025 01:42:40 GMT+0530 (India Standard Time),-2
Sat Jan 11 2025 01:43:40 GMT+0530 (India Standard Time),-2
Sat Jan 11 2025 01:44:40 GMT+0530 (India Standard Time),-2
Sat Jan 11 2025 01:45:40 GMT+0530 (India Standard Time),-2
Sat Jan 11 2025 01:46:39 GMT+0530 (India Standard Time),-2
Sat Jan 11 2025 01:47:41 GMT+0530 (India Standard Time),-2
Sat Jan 11 2025 01:48:39 GMT+0530 (India Standard Time),-2
Sat Jan 11 2025 01:49:39 GMT+0530 (India Standard Time),-2
Sat Jan 11 2025 01:50:39 GMT+0530 (India Standard Time),-2
Sat Jan 11 2025 01:51:40 GMT+0530 (India Standard Time),-2
Sat Jan 11 2025 01:52:39 GMT+0530 (India Standard Time),-2
Sat Jan 11 2025 01:53:39 GMT+0530 (India Standard Time),-1
Sat Jan 11 2025 01:54:40 GMT+0530 (India Standard Time),-1
Sat Jan 11 2025 01:55:40 GMT+0530 (India Standard Time),-1
Sat Jan 11 2025 01:56:39 GMT+0530 (India Standard Time),-1
Sat Jan 11 2025 01:57:39 GMT+0530 (India Standard Time),-1
Sat Jan 11 2025 01:58:40 GMT+0530 (India Standard Time),-1
Sat Jan 11 2025 01:59:39 GMT+0530 (India Standard Time),-1
Sat Jan 11 2025 02:00:40 GMT+0530 (India Standard Time),-1
Sat Jan 11 2025 02:01:39 GMT+0530 (India Standard Time),-1
Sat Jan 11 2025 02:02:40 GMT+0530 (India Standard Time),-1
Sat Jan 11 2025 02:03:40 GMT+0530 (India Standard Time),-1
Sat Jan 11 2025 02:04:40 GMT+0530 (India Standard Time),-1
Sat Jan 11 2025 02:05:40 GMT+0530 (India Standard Time),-1
Sat Jan 11 2025 02:06:40 GMT+0530 (India Standard Time),-1
Sat Jan 11 2025 02:07:39 GMT+0530 (India Standard Time),-1
Sat Jan 11 2025 02:08:40 GMT+0530 (India Standard Time),-1
Sat Jan 11 2025 02:09:41 GMT+0530 (India Standard Time),-1
Sat Jan 11 2025 02:10:39 GMT+0530 (India Standard Time),-1
Sat Jan 11 2025 02:11:37 GMT+0530 (India Standard Time),-1
Sat Jan 11 2025 02:12:40 GMT+0530 (India Standard Time),-1
Sat Jan 11 2025 02:13:39 GMT+0530 (India Standard Time),-1
Sat Jan 11 2025 02:14:37 GMT+0530 (India Standard Time),-1
Sat Jan 11 2025 02:15:40 GMT+0530 (India Standard Time),-1
Sat Jan 11 2025 02:16:40 GMT+0530 (India Standard Time),-1
Sat Jan 11 2025 02:17:40 GMT+0530 (India Standard Time),-1
Sat Jan 11 2025 02:18:40 GMT+0530 (India Standard Time),-1
Sat Jan 11 2025 02:19:39 GMT+0530 (India Standard Time),-1
Sat Jan 11 2025 02:20:40 GMT+0530 (India Standard Time),-1
Sat Jan 11 2025 02:21:39 GMT+0530 (India Standard Time),-1
Sat Jan 11 2025 02:22:39 GMT+0530 (India Standard Time),-1
Sat Jan 11 2025 02:23:40 GMT+0530 (India Standard Time),-1
Sat Jan 11 2025 02:24:40 GMT+0530 (India Standard Time),-1
Sat Jan 11 2025 02:25:40 GMT+0530 (India Standard Time),-1
Sat Jan 11 2025 02:26:39 GMT+0530 (India Standard Time),-1
Sat Jan 11 2025 02:27:40 GMT+0530 (India Standard Time),-1
Sat Jan 11 2025 02:28:40 GMT+0530 (India Standard Time),-1
Sat Jan 11 2025 02:29:39 GMT+0530 (India Standard Time),-1
Sat Jan 11 2025 02:30:40 GMT+0530 (India Standard Time),-1
Sat Jan 11 2025 02:31:40 GMT+0530 (India Standard Time),-1
Sat Jan 11 2025 02:32:39 GMT+0530 (India Standard Time),-1
Sat Jan 11 2025 02:33:39 GMT+0530 (India Standard Time),-1
Sat Jan 11 2025 02:34:40 GMT+0530 (India Standard Time),-1
Sat Jan 11 2025 02:35:39 GMT+0530 (India Standard Time),0
Sat Jan 11 2025 02:36:39 GMT+0530 (India Standard Time),0
Sat Jan 11 2025 02:37:39 GMT+0530 (India Standard Time),0
Sat Jan 11 2025 02:38:40 GMT+0530 (India Standard Time),0
Sat Jan 11 2025 02:39:40 GMT+0530 (India Standard Time),0
Sat Jan 11 2025 02:40:40 GMT+0530 (India Standard Time),0
Sat Jan 11 2025 02:41:39 GMT+0530 (India Standard Time),0
Sat Jan 11 2025 02:42:40 GMT+0530 (India Standard Time),0
Sat Jan 11 2025 02:43:39 GMT+0530 (India Standard Time),0
Sat Jan 11 2025 02:44:39 GMT+0530 (India Standard Time),0
Sat Jan 11 2025 02:45:40 GMT+0530 (India Standard Time),0
Sat Jan 11 2025 02:46:40 GMT+0530 (India Standard Time),0
Sat Jan 11 2025 02:47:39 GMT+0530 (India Standard Time),0
Sat Jan 11 2025 02:48:40 GMT+0530 (India Standard Time),0
Sat Jan 11 2025 02:49:40 GMT+0530 (India Standard Time),0
Sat Jan 11 2025 02:50:39 GMT+0530 (India Standard Time),0
Sat Jan 11 2025 02:51:40 GMT+0530 (India Standard Time),0
Sat Jan 11 2025 02:52:39 GMT+0530 (India Standard Time),0
Sat Jan 11 2025 02:53:40 GMT+0530 (India Standard Time),0
Sat Jan 11 2025 02:54:39 GMT+0530 (India Standard Time),0
Sat Jan 11 2025 02:55:40 GMT+0530 (India Standard Time),0
Sat Jan 11 2025 02:56:40 GMT+0530 (India Standard Time),0
Sat Jan 11 2025 02:57:40 GMT+0530 (India Standard Time),0
Sat Jan 11 2025 02:58:37 GMT+0530 (India Standard Time),0
Sat Jan 11 2025 02:59:39 GMT+0530 (India Standard Time),0
Sat Jan 11 2025 03:00:40 GMT+0530 (India Standard Time),-1
Sat Jan 11 2025 03:01:39 GMT+0530 (India Standard Time),-1
Sat Jan 11 2025 03:02:40 GMT+0530 (India Standard Time),-1
Sat Jan 11 2025 03:03:40 GMT+0530 (India Standard Time),-1
Sat Jan 11 2025 03:04:39 GMT+0530 (India Standard Time),-1
Sat Jan 11 2025 03:05:39 GMT+0530 (India Standard Time),0
Sat Jan 11 2025 03:06:39 GMT+0530 (India Standard Time),0
Sat Jan 11 2025 03:07:39 GMT+0530 (India Standard Time),0
Sat Jan 11 2025 03:08:40 GMT+0530 (India Standard Time),0
Sat Jan 11 2025 03:09:39 GMT+0530 (India Standard Time),-1
Sat Jan 11 2025 03:10:40 GMT+0530 (India Standard Time),-1
Sat Jan 11 2025 03:11:40 GMT+0530 (India Standard Time),-1
Sat Jan 11 2025 03:12:39 GMT+0530 (India Standard Time),-1
Sat Jan 11 2025 03:13:39 GMT+0530 (India Standard Time),-1
Sat Jan 11 2025 03:14:39 GMT+0530 (India Standard Time),-1
Sat Jan 11 2025 03:15:40 GMT+0530 (India Standard Time),-1
Sat Jan 11 2025 03:16:39 GMT+0530 (India Standard Time),-1
Sat Jan 11 2025 03:17:40 GMT+0530 (India Standard Time),-1
Sat Jan 11 2025 03:18:40 GMT+0530 (India Standard Time),-1
Sat Jan 11 2025 03:19:39 GMT+0530 (India Standard Time),-1
Sat Jan 11 2025 03:20:39 GMT+0530 (India Standard Time),-1
Sat Jan 11 2025 03:21:39 GMT+0530 (India Standard Time),-1
Sat Jan 11 2025 03:22:39 GMT+0530 (India Standard Time),-1
Sat Jan 11 2025 03:23:39 GMT+0530 (India Standard Time),-1
Sat Jan 11 2025 03:24:40 GMT+0530 (India Standard Time),-1
Sat Jan 11 2025 03:25:40 GMT+0530 (India Standard Time),-1
Sat Jan 11 2025 03:26:39 GMT+0530 (India Standard Time),-1
Sat Jan 11 2025 03:27:39 GMT+0530 (India Standard Time),-1
Sat Jan 11 2025 03:28:40 GMT+0530 (India Standard Time),-1
Sat Jan 11 2025 03:29:39 GMT+0530 (India Standard Time),-1
Sat Jan 11 2025 03:30:39 GMT+0530 (India Standard Time),-1
Sat Jan 11 2025 03:31:39 GMT+0530 (India Standard Time),-1
Sat Jan 11 2025 03:32:39 GMT+0530 (India Standard Time),-1
Sat Jan 11 2025 03:33:39 GMT+0530 (India Standard Time),-1
Sat Jan 11 2025 03:34:39 GMT+0530 (India Standard Time),-1
Sat Jan 11 2025 03:35:40 GMT+0530 (India Standard Time),-1
Sat Jan 11 2025 03:36:40 GMT+0530 (India Standard Time),-1
Sat Jan 11 2025 03:37:38 GMT+0530 (India Standard Time),-1
Sat Jan 11 2025 03:38:39 GMT+0530 (India Standard Time),-1
Sat Jan 11 2025 03:39:40 GMT+0530 (India Standard Time),-1
Sat Jan 11 2025 03:40:40 GMT+0530 (India Standard Time),-1
Sat Jan 11 2025 03:41:39 GMT+0530 (India Standard Time),-1
Sat Jan 11 2025 03:42:40 GMT+0530 (India Standard Time),-1
Sat Jan 11 2025 03:43:40 GMT+0530 (India Standard Time),-1
Sat Jan 11 2025 03:44:38 GMT+0530 (India Standard Time),-1
Sat Jan 11 2025 03:45:38 GMT+0530 (India Standard Time),-1
Sat Jan 11 2025 03:46:39 GMT+0530 (India Standard Time),-1
Sat Jan 11 2025 03:47:40 GMT+0530 (India Standard Time),-1
Sat Jan 11 2025 03:48:39 GMT+0530 (India Standard Time),-1
Sat Jan 11 2025 03:49:39 GMT+0530 (India Standard Time),-1
Sat Jan 11 2025 03:50:40 GMT+0530 (India Standard Time),-1
Sat Jan 11 2025 03:51:39 GMT+0530 (India Standard Time),-1
Sat Jan 11 2025 03:52:40 GMT+0530 (India Standard Time),-1
Sat Jan 11 2025 03:53:40 GMT+0530 (India Standard Time),-1
Sat Jan 11 2025 03:54:39 GMT+0530 (India Standard Time),-1
Sat Jan 11 2025 03:55:40 GMT+0530 (India Standard Time),-1
Sat Jan 11 2025 03:56:39 GMT+0530 (India Standard Time),-1
Sat Jan 11 2025 03:57:39 GMT+0530 (India Standard Time),-1
Sat Jan 11 2025 03:58:39 GMT+0530 (India Standard Time),-1
Sat Jan 11 2025 03:59:39 GMT+0530 (India Standard Time),-1
Sat Jan 11 2025 04:00:40 GMT+0530 (India Standard Time),-1
Sat Jan 11 2025 04:01:39 GMT+0530 (India Standard Time),-1
Sat Jan 11 2025 04:02:40 GMT+0530 (India Standard Time),-1
Sat Jan 11 2025 04:03:39 GMT+0530 (India Standard Time),-1
Sat Jan 11 2025 04:04:39 GMT+0530 (India Standard Time),-1
Sat Jan 11 2025 04:05:40 GMT+0530 (India Standard Time),-1
Sat Jan 11 2025 04:06:39 GMT+0530 (India Standard Time),-1
Sat Jan 11 2025 04:07:40 GMT+0530 (India Standard Time),-1
Sat Jan 11 2025 04:08:40 GMT+0530 (India Standard Time),-1
Sat Jan 11 2025 04:09:39 GMT+0530 (India Standard Time),-1
Sat Jan 11 2025 04:10:39 GMT+0530 (India Standard Time),-1
Sat Jan 11 2025 04:11:40 GMT+0530 (India Standard Time),-1
Sat Jan 11 2025 04:12:40 GMT+0530 (India Standard Time),-1
Sat Jan 11 2025 04:13:39 GMT+0530 (India Standard Time),-1
Sat Jan 11 2025 04:14:39 GMT+0530 (India Standard Time),-1
Sat Jan 11 2025 04:15:40 GMT+0530 (India Standard Time),-1
Sat Jan 11 2025 04:16:39 GMT+0530 (India Standard Time),-1
Sat Jan 11 2025 04:17:39 GMT+0530 (India Standard Time),-1
Sat Jan 11 2025 04:18:40 GMT+0530 (India Standard Time),-1
Sat Jan 11 2025 04:19:39 GMT+0530 (India Standard Time),-1
Sat Jan 11 2025 04:20:39 GMT+0530 (India Standard Time),-1
Sat Jan 11 2025 04:21:40 GMT+0530 (India Standard Time),-1
Sat Jan 11 2025 04:22:40 GMT+0530 (India Standard Time),-1
Sat Jan 11 2025 04:23:39 GMT+0530 (India Standard Time),-1
Sat Jan 11 2025 04:24:40 GMT+0530 (India Standard Time),-1
Sat Jan 11 2025 04:25:40 GMT+0530 (India Standard Time),-1
Sat Jan 11 2025 04:26:39 GMT+0530 (India Standard Time),-1
Sat Jan 11 2025 04:27:39 GMT+0530 (India Standard Time),-1
Sat Jan 11 2025 04:28:40 GMT+0530 (India Standard Time),-1
Sat Jan 11 2025 04:29:35 GMT+0530 (India Standard Time),-1
Sat Jan 11 2025 04:30:39 GMT+0530 (India Standard Time),-1
Sat Jan 11 2025 04:31:39 GMT+0530 (India Standard Time),-1
Sat Jan 11 2025 04:32:38 GMT+0530 (India Standard Time),-1
Sat Jan 11 2025 04:33:40 GMT+0530 (India Standard Time),-1
Sat Jan 11 2025 04:34:39 GMT+0530 (India Standard Time),-1
Sat Jan 11 2025 04:35:40 GMT+0530 (India Standard Time),-1
Sat Jan 11 2025 04:36:39 GMT+0530 (India Standard Time),-1
Sat Jan 11 2025 04:37:39 GMT+0530 (India Standard Time),-1
Sat Jan 11 2025 04:38:39 GMT+0530 (India Standard Time),-1
Sat Jan 11 2025 04:39:40 GMT+0530 (India Standard Time),-1
Sat Jan 11 2025 04:40:40 GMT+0530 (India Standard Time),-1
Sat Jan 11 2025 04:41:38 GMT+0530 (India Standard Time),-1
Sat Jan 11 2025 04:42:39 GMT+0530 (India Standard Time),-1
Sat Jan 11 2025 04:43:40 GMT+0530 (India Standard Time),-2
Sat Jan 11 2025 04:44:39 GMT+0530 (India Standard Time),-2
Sat Jan 11 2025 04:45:39 GMT+0530 (India Standard Time),-2
Sat Jan 11 2025 04:46:39 GMT+0530 (India Standard Time),-2
Sat Jan 11 2025 04:47:40 GMT+0530 (India Standard Time),-1
Sat Jan 11 2025 04:48:38 GMT+0530 (India Standard Time),-1
Sat Jan 11 2025 04:49:40 GMT+0530 (India Standard Time),-1
Sat Jan 11 2025 04:50:40 GMT+0530 (India Standard Time),-1
Sat Jan 11 2025 04:51:39 GMT+0530 (India Standard Time),-1
Sat Jan 11 2025 04:52:39 GMT+0530 (India Standard Time),-1
Sat Jan 11 2025 04:53:39 GMT+0530 (India Standard Time),-1
Sat Jan 11 2025 04:54:40 GMT+0530 (India Standard Time),-1
Sat Jan 11 2025 04:55:39 GMT+0530 (India Standard Time),-1
Sat Jan 11 2025 04:56:39 GMT+0530 (India Standard Time),-1
Sat Jan 11 2025 04:57:40 GMT+0530 (India Standard Time),-1
Sat Jan 11 2025 04:58:39 GMT+0530 (India Standard Time),-1
Sat Jan 11 2025 04:59:39 GMT+0530 (India Standard Time),-1
Sat Jan 11 2025 05:00:40 GMT+0530 (India Standard Time),-1
Sat Jan 11 2025 05:01:39 GMT+0530 (India Standard Time),-1
Sat Jan 11 2025 05:02:40 GMT+0530 (India Standard Time),-2
Sat Jan 11 2025 05:03:39 GMT+0530 (India Standard Time),-2
Sat Jan 11 2025 05:04:39 GMT+0530 (India Standard Time),-2
Sat Jan 11 2025 05:05:40 GMT+0530 (India Standard Time),-2
Sat Jan 11 2025 05:06:39 GMT+0530 (India Standard Time),-2
Sat Jan 11 2025 05:07:40 GMT+0530 (India Standard Time),-2
Sat Jan 11 2025 05:08:40 GMT+0530 (India Standard Time),-2
Sat Jan 11 2025 05:09:39 GMT+0530 (India Standard Time),-2
Sat Jan 11 2025 05:10:40 GMT+0530 (India Standard Time),-2
Sat Jan 11 2025 05:11:39 GMT+0530 (India Standard Time),-2
Sat Jan 11 2025 05:12:39 GMT+0530 (India Standard Time),-2
Sat Jan 11 2025 05:13:39 GMT+0530 (India Standard Time),-2
Sat Jan 11 2025 05:14:39 GMT+0530 (India Standard Time),-2
Sat Jan 11 2025 05:15:40 GMT+0530 (India Standard Time),-2
Sat Jan 11 2025 05:16:37 GMT+0530 (India Standard Time),-2
Sat Jan 11 2025 05:17:40 GMT+0530 (India Standard Time),-2
Sat Jan 11 2025 05:18:39 GMT+0530 (India Standard Time),-2
Sat Jan 11 2025 05:19:39 GMT+0530 (India Standard Time),-2
Sat Jan 11 2025 05:20:39 GMT+0530 (India Standard Time),-2
Sat Jan 11 2025 05:21:39 GMT+0530 (India Standard Time),-2
Sat Jan 11 2025 05:22:40 GMT+0530 (India Standard Time),-2
Sat Jan 11 2025 05:23:39 GMT+0530 (India Standard Time),-2
Sat Jan 11 2025 05:24:40 GMT+0530 (India Standard Time),-2
Sat Jan 11 2025 05:25:40 GMT+0530 (India Standard Time),-2
Sat Jan 11 2025 05:26:39 GMT+0530 (India Standard Time),-2
Sat Jan 11 2025 05:27:38 GMT+0530 (India Standard Time),-2
Sat Jan 11 2025 05:28:40 GMT+0530 (India Standard Time),-2
Sat Jan 11 2025 05:29:39 GMT+0530 (India Standard Time),-2